"215918_s_at","230469_at","217046_s_at","205941_s_at","228540_at","202524_s_at","1557729_at","217428_s_at","217771_at","207302_at","206208_at","239650_at","229893_at","206209_s_at","213715_s_at","241672_at","205637_s_at","232224_at","205107_s_at","230132_at","229641_at","217177_s_at","204396_s_at","231991_at","203435_s_at","220027_s_at","238062_at","210608_s_at","242324_x_at","222416_at","49111_at","202523_s_at","221861_at","226028_at","226950_at","225314_at","1552797_s_at","207547_s_at","205200_at","209470_s_at","210081_at","206283_s_at","219719_at","209469_at","227929_at","212115_at","227780_s_at","235228_at","1556579_s_at","209793_at","235108_at","226244_at","237390_at","238206_at","228568_at","242600_at","204271_s_at","209875_s_at","227779_at","43511_s_at","219508_at","1552388_at","210838_s_at","202148_s_at","239942_at","223449_at","227463_at","200878_at","225681_at","236154_at","209904_at","226673_at","230670_at","219125_s_at","212975_at","227452_at","209074_s_at","228434_at","222738_at","201004_at","204500_s_at","220677_s_at","63305_at","228546_at","225660_at","230482_at","204677_at","243813_at","226140_s_at","216620_s_at","1552509_a_at","224762_at","233903_s_at","219059_s_at","235642_at","209789_at","226694_at","208981_at","229172_at","236088_at","condition"
2.91429279671806,2.37803434518602,3.1181620146749,3.35167496719724,2.97025547436695,3.26325079386123,2.86341716285639,3.1713189330234,3.71290387463452,2.53873928265421,2.98112747114803,2.3556196109458,3.06044865309966,2.85131329420532,2.91389468198778,2.34807091448612,2.81832703914755,2.850665426651,3.20246944138287,2.86735683466367,2.97679619607594,2.90840174830559,3.24896891517015,3.01949554626205,2.84961102021668,3.05628004496747,2.86379575924277,3.41922470034638,2.92807085572807,3.5181951969621,3.09135456140066,2.99289348308498,3.17986769899794,3.19136050763739,3.22900949834147,3.76825844298518,3.6983963033252,3.18223939814594,3.41855023931997,2.7637876035497,3.33588337735403,2.73464242835692,3.21602952171698,2.57506782641404,2.94722664288789,3.44661752019424,3.14882837891892,2.67375088074887,2.57336725477923,2.62655828553753,2.77247689891397,3.16782033823297,2.33451393045983,2.54600295384584,3.39452648904592,2.79274501215871,3.2731876280484,3.28992887158001,3.08889125061895,3.16234862636596,3.28720039743073,3.01087112302044,3.10506453389886,3.29026072006096,2.49602766039675,2.98787564195643,3.07229963352239,3.72487942596748,3.55634357468687,2.50832722928032,3.09845829952298,3.18576190649175,3.06909891289286,3.40946425712834,3.09075182863123,3.31288876234705,3.17337692457449,2.97587960093357,2.94146318354574,3.79234521848067,3.1810357430419,2.7665612405066,3.0834142250803,2.45115834944889,2.86931079741819,2.57745058159801,3.18004121493112,2.66155807890759,3.43414113159977,3.2488247425651,2.73430208598703,3.53237930435734,2.61616476010181,2.88819382445904,2.57485233780251,2.47807615041693,3.56268203572471,3.4931861716631,2.96820874400299,2.73143742899728,"Normal"
2.8050117322597,2.31408742029116,3.05656618817753,3.38773888294007,2.9604746414249,3.23941179018314,2.67368304997261,3.13667373551444,3.28622025393126,2.68958767069402,2.97145526521016,2.14007840255852,2.79837407363125,2.99095486039699,2.82554346227566,2.55374140318694,2.79770613523994,2.81958235489286,3.1478309238458,2.94262897806265,2.94997374437868,2.86023977983313,3.15080660324241,2.85455625374122,2.92266027413939,3.11005081493782,2.97796858874006,3.23836499300691,2.7880216257791,3.42413604860512,3.05363096072229,3.01307093712455,3.14574755053995,3.17772648293207,3.1056847818522,3.75112089575175,3.31472117450672,3.11694857069882,3.34825083529959,2.48155728070859,3.2537805593998,2.76837702419871,3.22409122466278,2.60143267168133,2.81491745908942,3.54982932439474,3.08708259857009,2.57853059602321,2.50991368636963,2.62811099295697,2.96885568461074,3.15210227531977,2.3227069399402,2.43629778532427,2.91210372158115,2.706207830155,3.17195616794726,3.69689521585143,3.0439183887475,3.09212115802292,3.25859580609754,2.84053775859948,3.05300530316854,3.41080645882314,2.33508874183954,3.13240739419113,3.20085741961339,3.72123046114599,3.40023050442203,2.45446545619504,3.02436932861289,3.2038808329393,2.95469511739935,3.48122143077769,3.25184783130114,2.72288347127194,3.15233595692309,2.95433778064149,2.88871597744311,3.78076152685681,3.14383908971537,2.86739439781938,3.02177640881412,2.41126895085051,2.98169741825672,2.72979419638804,3.14485398746566,2.59917732645192,3.3463016790851,3.2303321490866,2.69881188402052,3.53607777407821,2.59991998127894,2.77883725254527,2.46273030468263,2.42954633825982,3.45642374495071,3.4279560777493,3.11069230601861,2.64449545056712,"Normal"
2.8418483616607,2.37873078527594,3.03054443298809,3.78152758099914,3.01814452894376,3.44594912816979,2.96057287138212,3.6830563620006,3.343426300047,2.75132660077569,3.26110802409476,2.47616390584127,3.03678112029844,3.30172517892563,3.12433640731244,2.34712135432823,2.80264198559415,2.94519753297145,2.99496342644666,3.20676042256786,3.04575573047693,3.24120867565917,3.45867859764703,3.26780243979967,2.94591291400414,3.44092164339122,3.35396544396591,2.87458059458958,2.9546485941873,3.29788251180932,3.21193266950865,3.09856441292252,3.26327483497207,3.49128873189744,3.43313572589519,3.39739089997864,2.91139438484257,3.42434166955473,3.55574254629401,2.7950874080476,3.30343153719263,3.30505997920033,3.40076469904908,2.7254597871779,3.23106216342956,3.43872932057924,3.39372233566497,2.89178467513885,2.83475368307408,2.69661706521243,3.2837054999624,3.37032054078602,2.29815387058112,2.69335982746556,3.08806525280199,2.78160940931142,3.51893792953157,3.77945935117593,3.24896891517015,3.24464202365149,2.93933755000171,3.08089297738709,3.14020931684207,3.21306882638587,2.77974298954434,3.28240125354469,3.29574359234709,3.87451174236722,3.76857604932692,2.64002855189746,2.66164700248879,3.43233544034011,3.1008044466651,3.22103719741386,3.28923838213703,2.90069681347899,3.61044022135846,3.39517524855085,2.87214910487449,3.67175758740136,3.25938247421619,3.17380543677544,3.18791023622707,2.51504882310096,3.11948732517311,2.83552394367615,3.48195761500915,2.61849709572691,3.37288107546186,3.40056935157671,2.88290515590404,3.15149679899435,2.65814977407983,3.16218263903038,2.54519987994709,2.89685113587199,3.68093191635457,3.66925358652116,3.31774543541892,2.73499569251166,"Normal"
2.80149186567655,2.24711026102921,2.95690417267393,3.53932013572688,2.94992706866259,3.16472675448399,2.8835817183293,3.46319083920871,3.38213599972247,2.70981335252227,2.98383818787383,2.31151183438858,2.84115395072893,2.77483554388008,2.95330808148515,2.28572475462002,2.79219943280544,2.87723185501408,3.30403493230241,3.00663015565091,3.0665232256394,2.89738565602046,3.20492791040476,3.01286540553388,3.05163138066601,3.05520606826884,2.93391816388687,3.34881595238648,2.8082861902212,3.39379371211092,3.17664191765689,3.00551137459139,3.21128169988993,3.08840113648222,3.14951626982967,3.72012521179353,3.30861716585343,3.21560405285009,3.33492575889042,3.16729208641345,2.97539356929317,2.84627265751337,3.1953806728294,3.22778573586114,2.95171646792575,3.53455968460832,3.13640633052265,2.74540084981737,2.72303424696587,2.74490593682071,2.85500298697162,3.10813132109104,2.24991857666107,2.56778879672772,2.9767687066931,2.60776350112655,3.25059327558675,3.53396196534515,3.08800926458512,3.22172089663268,3.39497228539239,2.83416105057015,2.97075796221019,3.21320728296932,2.33548611430738,2.99229530871933,2.95551368046547,3.69037239476124,3.54041170519093,2.55421308812289,2.97276065204065,3.09955611158589,2.89720944118751,3.47429325934966,3.1170250644295,3.23548199528152,3.24315112871702,3.10131726322417,3.05882905486792,3.81523725758137,3.10539815985813,2.94726779455202,3.09031824712117,2.53949881271045,2.80492502724622,2.82927317834928,3.19791413022778,2.85728435349115,3.42372337435884,3.26827867711556,2.61565405867362,3.28618919777957,2.75696562292162,2.92141157473918,2.54298850007547,2.70248467556423,3.46337396549482,3.40180929071193,2.98622523889256,2.7193170780241,"Normal"
2.70349499417827,2.30620098368448,3.04989907011307,3.62924003395155,3.01972326119028,3.08878781478442,2.80626011952396,3.53580413827031,3.57736839975281,2.59381268298466,2.89906345948135,2.54316672333929,2.62699040954524,2.61342321097989,2.93700345395373,2.27213370183963,2.75880417398512,2.76454786008175,3.39448807553012,3.05768766913208,2.80575676769212,2.82035667107131,3.14840702607633,2.95263735775668,2.9166390579159,3.01409458442723,2.9163906534289,3.34158304537306,2.80538945758555,3.38969758448913,3.07652318122341,3.0423186437577,3.16317022413841,3.11638472004593,3.1719305558923,3.68016679964048,3.39860621258051,3.04995307300291,3.14866408221592,2.31395106148361,3.18040091543278,2.91623203434404,3.12386480990996,2.52553271079068,2.88008599176827,3.56044595235571,3.15765494692794,2.65624693779547,2.55407552927948,2.47657869985261,2.72526999548053,3.11131347861518,2.25815104333887,2.55358659795829,2.83429861154907,2.61775689359751,3.47108338485376,3.91656263032139,3.15571199926892,3.16866128847807,3.12707359037537,2.86390674249222,3.01281535862679,3.21985775101422,2.44642299050373,2.97379125679905,3.11819358383957,3.66476725535641,3.74122966377296,2.6705027311177,2.9446729445198,3.13547741034838,2.69732679947033,3.43527921154593,3.14900892104394,3.1831275825494,3.00856756231983,2.98408254092215,2.94329499159681,3.82873311915091,3.1693718623182,2.85052741727223,2.92206080489163,2.50236624852336,2.69903851395296,2.9108957232706,3.26149470980623,2.53947647929765,3.3118155105655,3.2189113298858,2.52328844533308,3.31100168890683,2.75572722684669,2.8538978678505,2.63164446411295,2.62195339060968,3.5498909172258,3.50913841571771,2.98309575722233,2.61446957121981,"Normal"
2.8184354401045,2.43927472120219,3.16529454234037,3.38274332765895,3.03311989361046,3.42703890513574,3.05737401962009,3.16469779614007,3.39838320825087,2.77461629764419,2.88129068381805,2.44696019917502,2.99214844618483,2.49631405857946,3.11358549231906,2.37133303180095,2.85900743078564,2.94783818535156,3.08666659335448,3.20509218094206,3.10137105636451,3.03872061880067,3.41185465169275,3.10190215595312,3.07267521812188,3.23282496911387,3.07894792672796,3.14576874148524,2.86282429145152,3.33415348412221,3.26686897805619,3.1360174385008,3.29408253244862,3.35956193189013,3.29154462320587,3.50994914630431,3.24090350032156,3.32695577256089,3.42059692925028,3.22913566386267,3.33148595833945,3.0089851988873,3.34504999616071,3.13828040255179,3.18979926208766,3.48027804937146,3.38391022897148,2.73421536171991,2.82754265092778,2.74403620014595,3.08913370227982,3.26941472175267,2.44304431515173,2.49732878015745,2.94307177061219,2.68718837464164,3.34306949551733,3.41195902248105,3.38627707812545,3.32545837490823,3.29431343130755,2.90081272099381,3.09455531948833,3.19117413190696,2.73325020247652,3.14591706938756,3.14849000489965,3.80846742917727,3.53096964878385,2.76740903189433,3.12932093871621,3.33258764437445,3.01673342156897,3.28622025393126,3.24862439460402,3.0040392962748,3.4033236290979,3.26608938194531,3.04557052900024,3.78629315498617,3.26332892600673,3.05654364562046,3.1286497409523,2.47885276160708,3.03472282367831,2.83786051155164,3.3979767865613,2.57151906345367,3.52416399878694,3.21834100892548,2.75088086948114,3.07216240928222,2.56405129952613,3.04578193631296,2.73810631484797,2.74546969382583,3.6930631471469,3.6167693662935,3.0447158481943,2.73893425045015,"Normal"
2.9232176521783,2.54993033525771,2.78730081049783,3.45032444758805,2.89651792892094,3.08388391663637,2.85874094597964,3.34868142077591,3.5087582288652,2.57534137794617,3.05393847621741,2.16727442115646,2.79940234300544,2.64194595160415,2.73535536957827,2.24141310702649,2.75420767234949,2.84771635524252,3.16790060273573,2.92943501329393,2.92252517741721,2.80286941870243,3.02452358554419,2.83079684172652,2.86063311480027,2.94726779455202,2.8791097474052,3.01931761896217,2.84812914753941,3.35324000205872,3.03574178365635,3.04735167086423,3.12788416139608,2.99097845144377,3.08610776901376,3.63849094171046,3.47614834874565,2.97986255359615,3.22168687401592,2.38697920510645,2.86063311480027,2.61408552262231,2.98537109199746,2.38849540568414,2.70837928822342,3.54695617814141,3.0660874678358,2.61846890450769,2.29338225645408,2.38952551264945,2.76136187460448,3.11485839050022,2.18434377795291,2.47269571251829,2.89704288870395,2.60927035837485,2.84880018387334,3.80492089830607,3.09905782191457,3.04899814317195,2.83047438945901,2.93830837793099,3.04045412134962,3.39087950738119,2.3238744197187,2.87316945137569,3.04896850932574,3.60491344090282,3.68500943891224,2.40676521940287,2.49675121759418,3.04753140908977,3.05959409172142,3.38813166284177,2.9588092748428,3.33635480664323,2.74591494916413,2.67355190142807,2.57564633885852,3.74931972457408,3.17323779063204,2.87099788675226,2.90237270245468,2.49006176042897,2.81953535135089,2.7945531108095,2.99681534506102,2.32900300778587,3.28686932237051,3.1341519253631,2.68398384196883,3.3976126887743,2.62185964260719,2.9049156376131,2.52780351081782,2.45470232816369,3.50449327710845,3.44289441021691,2.99369790837014,2.70093902616461,"Normal"
2.63651790066189,2.29442960210933,2.91115274729764,3.64801668818068,3.06183494085946,3.13446903568372,2.81364781591048,3.53503270346133,3.49922084954483,2.90708101878626,2.99195441966838,2.44046856172981,2.75990362513456,2.61135182031327,2.83823982143391,2.41803878769347,3.18769333043526,2.91911884588313,3.31295263849399,2.97054263170749,2.82678031674746,2.8719953994326,3.18893890712028,2.92955052850546,3.14527474851576,2.96631232981517,2.90192882003766,3.01587753276517,2.80297485279791,3.41782146707959,2.99339358398245,2.99266149337935,3.0874730249441,3.11524303791206,3.22932950645655,3.50229240773071,3.21745718605304,2.96637878334427,3.14062652685658,2.34166416397467,2.77357653258995,2.81070426662045,3.09761416740529,2.33355254003222,3.01814452894376,3.49482519059568,3.1263071737408,2.60369399059191,2.68905980987699,2.50710451814999,2.77671252958959,3.08004361990506,2.21333483794896,2.66839601566374,2.81056443731364,2.71450710265055,3.13313604592598,3.91199830169935,3.1578052908942,3.08610776901376,2.79586043737535,2.92178667882215,2.98182343385378,3.23841849741086,2.44922063385549,3.05983113619282,2.99465755886233,3.68383117440132,3.81003172801094,2.67458493854241,2.52694518304753,3.1613927289051,2.90741948683271,3.31303973777323,2.98674767649521,3.32032581396146,2.84045719115515,2.78891326684793,2.88686810997297,3.71888764124466,3.24568275685619,2.76053394007066,2.91001689228546,2.47657869985261,2.87556383916234,3.03155576127449,3.16652103754787,2.63665477907953,3.42253308233993,3.27582205917617,2.64549877252771,3.36194517696378,2.90723872400592,2.83901830481146,2.50859598531011,2.77347314784795,3.52351177448721,3.39173748022321,3.15731701997513,2.57466345614605,"Normal"
2.84182622618009,2.57027590287977,2.97596945300041,3.63300101151932,3.04514237798148,3.24865778786305,2.94810553684795,3.52955861449035,3.48043316814096,2.64136568093542,2.89209759950853,2.39497228539239,2.88342727104211,2.74647186262006,2.99671593716537,2.30404369647354,2.75507557459101,2.84580715809695,3.26426317879905,3.12466395267322,2.89194406124944,3.02293235120358,3.26683900137893,3.02755041963175,2.84419279867071,3.07458935136969,2.99232250384443,3.44916779862452,2.76194901571691,3.36617251593951,3.05724923400345,3.0799071303079,3.12098223517691,3.23249345585673,3.27513074435426,3.7506172231839,3.3614076405672,3.09996000393324,3.31805503532339,2.88589059032983,3.12544116169623,2.81647478359992,3.29365446292756,2.84669589082635,3.04789430734843,3.45418905640167,3.21242615165503,2.88544941649456,2.70737901214352,2.55866438186817,2.88843544112221,3.21362723851195,2.23428670907804,2.63994291491241,3.10901948804966,2.70863752502033,3.23367642484388,3.84322009858875,3.208495410083,3.1971168069837,3.32585265335356,2.83907879111179,3.03014535454754,3.11457025404935,2.49764812919557,3.0617865642204,3.09759057178782,3.69875188778468,3.77345837799429,2.69522773460492,2.92310543295874,3.22990780259377,2.83162191020645,3.29004834582676,3.16766140134212,3.33917159862553,3.11178085152809,3.02410332964694,2.92239197107992,3.83864928345343,3.24203995097048,2.82178775525858,3.02238201795585,2.44173576979886,2.83113544042462,3.01447134669732,3.28957186488159,2.58750661294916,3.5137054915636,3.23465152960799,2.64047054306897,3.38561740202717,2.49701958294109,2.99017795505087,2.6624971999649,2.66282757049026,3.61025121684943,3.54674632530528,3.08723368913422,2.69329291242152,"Normal"
2.74858359926883,2.29018550776172,2.85265010087328,3.75084229010552,3.05651416636049,3.16587818188799,2.65608444004934,3.61894338330183,3.51764104568817,2.74836891474269,2.74236845651623,2.17696737285835,2.6429487378002,2.69688409085545,2.82463141681524,2.33994974131629,2.82776822460179,2.76136187460448,3.32374042374355,3.00637343349356,2.75503924432814,2.83510752837994,3.13532143754823,2.84967706828865,3.22365268314331,3.13412399002548,2.86225895302729,3.34765431877084,2.68102865221771,3.4255009306971,3.07507904363553,3.03590714278202,3.13825090846544,3.13157631498422,3.23285105720166,3.80846742917727,3.50491271508499,3.04826060243193,3.2540542919003,2.6795994511923,2.81578853852567,2.71244390981782,3.06577391637883,2.82197954738265,3.06556024887563,3.49032623789441,3.12273897195455,2.41696401366128,2.45689812139247,2.50186456599937,2.72462189772395,3.04324125153726,2.38669784357486,2.58710331369636,2.93908173666612,2.70359244364376,3.0810805190646,3.89186631412697,3.0677402388369,3.12730640789563,3.09499438348378,2.85554526284563,2.90093248231037,3.29568335722671,2.38981182885373,3.00748616440633,3.05538309522242,3.6565192521332,3.76440985444126,2.62323712520159,2.74964152725378,3.09987586901825,2.87277951995602,3.29250790560961,3.07607161580921,3.29194827852574,2.92936872989802,2.74029077801592,2.86359358924096,3.77758804203593,3.12622621372772,2.62798963845079,2.85925398482326,2.43908584969038,2.88432244445319,2.98216124745004,3.09935243964512,2.55788057735742,3.40763147302063,3.26660066463294,2.663611043572,3.41267856877932,2.49352693359103,2.88933919625197,2.55866438186817,2.66016650911647,3.53530648561242,3.40188572785123,3.02281165091563,2.56767929471951,"Normal"
2.84736759398259,2.22868326316522,2.76518676030017,3.7679725374834,2.99179482690084,3.24481553133046,2.8024848290462,3.63927847695342,3.49864659684414,2.81536228771504,2.89976921797129,2.46523007686422,2.83622308929598,2.68282046691231,2.94095226497071,2.2663757825466,2.78449351340652,2.67193417629562,3.14601322987922,2.96787317907151,3.00802248127137,2.91379705054518,3.25975757289527,2.96623848897039,3.0343601185031,3.06701566298024,3.00476204255812,3.21673887504947,2.87970380609748,3.3393070199164,3.13825090846544,3.06306109243757,3.19692960018406,3.28780175462417,3.19638199884831,3.58764102098385,3.25791729947212,3.15950648048777,3.36303507321715,2.88331191354767,2.88526978496086,2.89625828411595,3.11855574904118,2.90323498784258,3.00519695410462,3.56843347335538,3.17742033533343,2.55363082971865,2.69205219148576,2.74410941601647,2.75094302297196,3.18082734673177,2.23359973771371,2.45931357512301,2.88306552597687,2.80266059510435,3.26220010657541,3.85011931231064,3.14480342264615,3.18314981986425,2.96483294649561,2.88784886603805,2.97205294802809,3.30268168998055,2.4453320797048,2.97581908516352,3.15341624225525,3.72599194336695,3.79853789948373,2.62692501530455,2.9667995846272,3.15521006388776,2.99913231873384,3.30465121589465,3.09724839196062,3.21453827721895,3.27949061069079,2.86827191110476,2.84086602441893,3.73931887347843,3.17865090945123,2.96507499686674,3.02249210140117,2.53974197638512,2.82035667107131,3.0072421549671,3.2043222945726,3.08312995338091,3.41878228949196,3.20985570446274,2.73822091390062,3.37405458627341,2.83966739200655,2.98479165980229,2.57229549518321,2.84318391114076,3.56158275569523,3.52461536601876,2.97821759948961,2.71786611985208,"Normal"
2.94799336742765,2.66877948998077,3.27084136788979,3.23833900443759,3.02275484728577,3.39228444651524,2.80375606540183,2.92134492167773,3.48128602337511,2.69286904505363,3.15061978761645,2.62951982483242,2.91429279671806,3.16053623568546,2.97928639267398,2.36097662469865,2.91441335787142,2.82739224888176,3.29244900771715,3.00721703400532,3.08114189104632,2.83881263241939,3.35419118803043,2.98963677846456,3.18693627955519,3.07834852748536,2.83332731227425,3.17036896259882,2.89697510021111,3.4062618190555,3.09804050743252,3.10370072732804,3.19435501035626,3.37222917673429,3.33924144908924,3.61792141578276,3.32232910837044,3.15268154157489,3.5227211844368,3.02906410969844,3.52674491651831,2.86741614446252,3.17305545687719,2.90428755043121,3.02251873323089,3.46059841811967,3.18134748589914,2.84267518039089,2.90970783103313,2.77330223029216,2.98043665652367,3.10223147393819,2.4372304026753,2.6357102856868,3.18872057369809,2.73850196737472,3.31205085195963,3.49826363468408,3.0915661353809,3.16923234157101,3.03307054443171,2.94290480124761,3.02160942199691,3.31643396281158,2.52873633174316,2.93255446148359,3.21253198703937,3.72901975034994,3.52079937440518,2.58096551272154,3.06299894644537,3.19530507284165,3.05207848387148,3.36740042251637,3.09840439766421,2.94480973060707,3.30091003536261,3.07899914588226,2.84646924577351,3.8213938893664,3.30334385588756,2.86584361038151,3.07947369023265,2.57876485484742,2.85282385470523,2.83595034157201,3.25930563474128,2.78303541392459,3.40595288917724,3.30280303672011,2.73093335558039,3.23365035167699,2.86688424615841,2.92354855295275,2.67489673875104,2.71486972606294,3.59579007053066,3.57257442329958,3.13091769446911,2.73432376623926,"Normal"
3.06603406553441,2.51747223914508,3.29867297702498,3.51375601538331,3.07135252047769,3.41798074874589,2.99789573812428,3.38697230964642,3.26999811236246,2.78194087140301,3.19253664631852,2.73320680936732,2.9089800278447,3.1825445249277,3.12733942861499,2.41116859860713,2.86395232242498,2.92482390263268,3.21576555945761,3.25675253983955,3.15284700350848,3.20920379679368,3.44970134555694,2.98221054336093,3.3242129562525,3.37253984043199,3.20864835119204,2.90860926397429,3.01192315995455,3.31469072586557,3.12905216726996,3.18719923346551,3.18649421890016,3.42604732753124,3.41538009866899,3.4848341699923,3.01595957744432,3.57592945913905,3.57248953784235,3.24081651352836,3.53469662706843,2.94892784622502,3.25791729947212,3.17209702612257,3.16407666061822,3.49505552836802,3.33440809444598,2.95248640193455,2.97243717328182,2.91702686555688,3.17332415121033,3.27537810625023,2.46809842744068,2.68624726295103,3.03806562694722,2.80158084651984,3.40254755870924,3.84277774529544,3.25745573262659,3.20115863443248,3.33023139033912,2.88507646082369,3.04316599444729,3.19640875431766,2.72580222166833,3.20636816058051,3.21290390570005,3.85516250103556,3.65542052674075,2.74498556471945,3.13253736130768,3.18957157099381,3.10272027172104,3.33669328356689,3.20268727113139,2.90509861771323,3.67057977540358,3.28082569355227,2.97229930517753,3.72123046114599,3.27174089502338,3.09468874152741,3.10778995897075,2.65690818347334,3.25141310278515,3.00236228143214,3.38898163070189,2.94543353555707,3.42864759425328,3.28995984733478,2.56643038402838,3.15310651341492,2.85036939032175,3.34837832465483,2.62499922785378,2.76015067326228,3.74750556045372,3.62324649132898,3.00309306617092,2.74913519199141,"Normal"
3.1204547967406,2.65699739411424,3.37228769249932,3.01493725303922,3.02851611096289,3.44146621600777,3.02736640511511,2.66735626486031,3.3434888383652,2.88579494904924,3.39697735080449,2.83134829113848,2.98043665652367,3.4565591092577,3.16461413543684,2.69188697907598,2.97660925794275,3.14419324285709,3.03163515494582,3.27423332898321,3.31795521831244,3.23036135675376,3.50243244740035,3.16171358129749,3.2341855240188,3.33217085041511,3.33696743450637,3.01097135007303,3.16953702461209,3.3098062828649,3.30071825604617,3.16439530758134,3.33418781622501,3.54759789151252,3.48371260879046,3.36617251593951,3.15911569133435,3.45339773375519,3.61082996497526,3.38738046411489,3.589859343936,3.20838927815185,3.21042471316373,3.29706666134648,3.21745718605304,3.44750514247389,3.32058720825605,3.02978679614755,3.12650707594631,3.00211380230082,3.28151576916017,3.24714368935303,2.86008281322009,2.87824665216222,3.29428843130429,2.78222821677527,3.56307268908019,3.5737986435893,3.28207352452062,3.37007637671374,2.78055787691288,3.10523051826603,3.08559121604619,3.0705748053305,2.87742819641863,3.20344863326161,3.26088228413647,3.90469603085431,3.35314964911864,2.73923245026914,3.23741687165452,3.39617045175978,3.29688905001116,3.18752548313584,3.25078880348831,2.83181239950799,3.6027300380274,3.48917039684056,3.06628211110406,3.76411256667788,3.26409499787103,3.05719723681082,3.11659431858788,2.68788485005376,3.11483174445722,3.03650333373899,3.43217372607677,2.91379705054518,3.50398470389761,3.38179971507394,3.26438780023274,3.0512937868369,3.06808948864622,3.24109729414183,2.98347705311774,3.03326088196322,3.64867251357871,3.65994738567496,3.15579455900938,3.02330326388616,"Normal"
2.81536228771504,2.49748718611602,2.90778863416032,3.55428186262639,3.06981041624626,3.28800707473364,2.90726180137261,3.44133208427305,3.46109631484014,2.80908717671771,2.98848292255457,2.51043536606094,2.96010204815368,2.72389926374712,3.06480009423763,2.43450546824641,2.73237123752862,2.90749063194662,3.20333429792361,3.1666254745416,2.85898555702165,2.96645446280215,3.38213599972247,3.13947113223151,2.94675892786418,3.24536787733858,3.03794091651746,3.13274133671738,2.82458254096178,3.39077222489096,3.16072015845481,3.02989984880894,3.24519291457272,3.33805067769766,3.32398247192438,3.52312280812736,3.12593868635226,3.16026837638278,3.51990668367777,2.7139553006751,3.00285371193753,3.02231099192021,3.12166198141214,2.87108859822871,3.11742742118844,3.44526983054912,3.35791368866789,2.82691451677617,3.09591935790179,2.66927626666109,2.77367780025637,3.20254309972642,2.27645199946778,2.49598418427379,3.0631422234542,2.695312379545,3.42081383221523,3.82312772641922,3.35897148099648,3.29813040373053,3.28734817427045,2.90671746181538,3.10757907730342,3.07707889158503,2.87365573328134,3.10901948804966,3.10203658053686,3.73238860498474,3.68953399875391,2.75145086668262,3.11089772332981,3.31288876234705,3.17289709570832,3.27761733384349,3.18798622470303,2.96859952345095,3.20960464571761,3.07340381346699,2.98025933064139,3.79006302506438,3.16122501885781,2.90333526499055,3.07644964043126,2.69790278467917,2.98825931302635,2.9283437904524,3.26119981490928,2.74667393249131,3.54259236953483,3.32565264965238,2.76129591266635,3.1611443820872,2.48826305518001,3.26083412170694,2.56287249244992,2.77139121763236,3.63963735775858,3.61225812477206,3.23589398623099,2.60617924989635,"Normal"
2.84115395072893,2.62737337344092,3.29919482797232,3.38501404497227,3.00366879339494,3.35419118803043,2.94915763527333,2.87365573328134,3.21122250626602,2.61222509242032,3.03717485263656,2.39500245739844,2.97399141368738,2.74197817616157,3.00211380230082,2.43558325911486,2.77826746070825,2.79650638877505,3.18882341602057,3.04564915517279,3.03982272192707,3.0123416144091,3.23978142608862,3.0877462605528,3.15507078634965,3.28720039743073,3.36160976652004,3.03802171605371,2.83126518173962,3.31961359917249,3.10631146430739,3.09485254665012,3.21616614203583,3.42852164500516,3.3224834255838,3.58298946895292,3.39444828902476,3.23556624091827,3.56061714132546,2.81687204199368,3.55224179672161,2.93633075947253,3.34059075235907,2.67843704108429,2.97558616745396,3.51393283481986,3.1711731940378,2.85539376510513,2.80440468770764,2.56813428191466,3.0887572913178,3.31789301001538,2.3532837647299,2.60989912993203,3.07255689379799,2.71652345131888,3.1579620845767,3.5446955681798,3.10129036590182,3.1489552487181,3.00224885061602,2.88894192537003,2.96509716738955,3.23847811426651,2.60056711217628,3.18249208585454,3.127171015044,3.75562469125209,3.40071962121081,2.49355255153557,3.09009801911348,3.32199301470352,3.02090751074033,3.3287402622087,3.06697090289424,2.82943962200511,3.33780527092634,3.1868032002757,2.88028194515371,3.78120232002585,3.1012382509127,2.83067314214469,3.11593381362733,2.38888109335836,3.06534137918994,2.67646375671331,3.25489784769777,2.65427054722591,3.33125949990154,3.25165244688626,2.73785978792013,3.35688750813759,2.68222044560083,2.84163906717801,2.59131319205411,2.58224286326425,3.63597489900911,3.53613995679703,3.15411329428441,2.68202712716253,"Normal"
2.83221963800421,2.37355355964055,3.00836497400383,3.21166795653578,2.96090087391428,3.16412494498528,2.83675025539416,2.80818526320587,3.42051069789473,2.5638756378092,3.01768856437408,2.12076663899146,2.78469242135357,2.60877849638801,2.83519648154791,2.18209475822047,2.78762052084846,2.85013331782512,3.13484027836364,2.97999604376889,2.8082861902212,2.83234928185851,3.0596183170308,2.75744361561798,2.76554111118,2.90935837769928,2.81738381165646,3.14502034952521,2.7829620510252,3.4628637701567,3.08831802103457,3.08481433924124,3.12514521017615,3.17605304005747,3.06250686283177,3.63163980823793,3.55884312763572,2.97571455194506,3.29437078261932,2.26983807739477,3.03004998317989,2.56760385516752,3.20131392375317,2.36015635614179,2.79630287259594,3.47880358862972,3.07213839369819,2.46338966095208,2.661690322248,2.60051002406607,2.831003659958,3.06673847242785,2.24141310702649,2.53164845136743,2.87762254809139,2.56185154595108,3.03349876856985,3.44030244043051,2.95006709128078,3.12109831208698,3.56986775729067,2.8796273568124,2.92280106571125,3.15938860895846,2.64275008438164,3.04333925488566,3.05656618817753,3.6743024526412,3.38326467865355,2.46440688552961,2.61804362011899,3.10252208502116,3.03725569508715,3.24059520769091,3.07305413362219,3.06585834078276,2.84077137874774,2.59365494844779,2.82567981238249,3.82267916842046,3.14095857251668,2.7408412334253,3.01785956797579,2.52423422074308,2.99689305919058,2.61523971640454,3.15193835105242,2.2989603115746,3.40188572785123,3.18193579652232,2.71082516451099,3.3608881592621,2.38710607568923,2.78547522414334,2.47152825520966,2.5163177785555,3.54674632530528,3.40553770300102,3.05160354086475,2.71275423710395,"Normal"
2.70139380085249,2.78683051947357,3.03125049602338,3.12942645492109,2.97363147861856,3.25862143231586,2.79244725968863,2.90371509790083,3.52259565410113,2.62309194245105,2.86810198398918,2.79992863281807,3.15357189237759,2.65642772363686,2.84189464384089,2.36169818772037,2.8570115764175,2.8011276078032,3.34798448785006,2.96141033447803,2.89790642899801,2.91043526724837,3.146345667618,2.86108591317266,3.03614283473098,2.97512939285542,2.91938013026139,3.4203436099748,2.81352879368754,3.3710374467125,3.11718967848511,3.04005075915185,3.16290607510494,3.09480357593355,3.15212986470184,3.73811928878258,3.70608844879118,3.09264721711006,3.29168753599623,2.85149920246126,3.17993296890765,2.80541009546429,3.1448278897156,2.81536228771504,2.99210130195459,3.5629139989121,3.05490923904508,2.7110102559271,2.71679120720388,2.49555702563477,2.79887378799115,3.04970743064154,2.24483227219564,2.5486486976099,2.98124805566135,2.80259856247016,3.07879084331507,3.89689181284491,3.06582905124312,3.17051157816309,3.16980316871696,2.84245594859731,2.97692264049102,3.1516088231555,2.29730588833478,3.0320937884063,3.1143070502395,3.63737839487229,3.66188638489124,2.56920427434142,2.78422546774482,3.16537977165142,2.90252320548572,3.31964683405174,3.07832290658364,3.32600227827915,3.07379281839859,3.00970547228367,2.77861020380213,3.86126063945314,3.29332780899568,2.82437072646072,2.9368828819374,2.39972345138135,2.85341885295906,2.8751037641222,3.14049728645674,2.50494067328144,3.42257613826432,3.11882150052483,2.58397872826106,3.24071120670825,2.50080715091049,2.88679008881729,2.61391584896544,2.51636821097614,3.54272855167682,3.42372337435884,2.96162518026912,2.6706772078733,"Normal"
2.87119507833686,2.32926427014341,2.8307137005533,3.61006218757607,2.95045534958219,3.18627710009295,2.83559266085991,3.49989689860268,3.29585524104102,2.6330568283401,2.83347912089836,2.32708372006123,2.79471321284568,2.65296368130998,2.85453231769961,2.21199650478016,2.90235147640498,2.85829934787138,3.24719534978456,2.90912024012413,2.87006677845998,2.91483428607099,3.06513281891136,3.03908047433028,3.14473980632359,2.97592361080838,2.84191677827178,3.27348306689762,2.68595584201297,3.44025858121579,3.08199400985243,3.13677871533613,3.15544162351987,3.01559390760653,3.19875029570521,3.59966295171468,3.55026041900124,2.99097845144377,3.23435569482249,2.49637797898422,2.76260182324377,2.67432731362019,3.10090870610478,2.67339586435398,2.86363521479266,3.51364233430068,3.14970973086703,2.61423632690002,2.35605645690446,2.64685848597681,2.70459756077746,3.09430195254119,2.28989346990302,2.48256694300945,2.84985118053123,2.73856681809399,3.08687206398388,3.89103999209395,3.23881284009015,3.13300777727786,2.98751369752382,2.97427599264263,3.05921335485697,3.14637010854628,2.34752676541711,2.92912250776187,3.06973996900629,3.62376153471654,3.72403901576727,2.42982749933454,2.57271750462253,3.08325422275132,2.88905878110342,3.31477917014069,2.96941944751272,3.33365700781283,2.84178396659218,2.7406232350285,2.53166841131515,3.81773580379833,3.0748547646617,2.7254597871779,2.8893586675024,2.47369860714527,2.69892520343685,2.85937525804237,3.0855691224859,2.50393383671473,3.37550797041605,3.26390126518246,2.65622405189634,3.40541925094037,2.48055208123696,2.86213792198019,2.56500242897233,2.55441203396102,3.43792547655037,3.52449000039672,2.98441618011023,2.56196637742867,"Normal"
2.80820998067879,2.25312096834823,2.84535355299128,3.54233234974415,2.92073728465353,3.05458109357148,2.74173878072286,3.5067415641867,3.44988223128353,2.65247043301518,2.96192702159212,2.09030808349154,2.73468361084135,2.61956325905156,2.81953535135089,2.28783868485661,2.89519790579626,2.74580095967682,3.21825885173214,2.91473671819563,2.79535136516656,2.86895536918449,2.99915758086487,2.916157496462,2.93947672349904,2.994500075114,2.89314860618374,3.25938247421619,2.65651009954486,3.33780527092634,3.33814483433098,3.03012239535004,3.37668768107465,2.919336268306,3.08110950060353,3.74295475669749,3.39254136662706,2.95425029409452,3.16967330935362,2.56522914420094,2.90882827591379,2.67678643231973,3.05170793734951,2.5833048539681,2.76801701539406,3.51737648934187,3.03453972178328,2.31072982832634,2.39495308469636,2.64957867274477,2.76512097301327,3.01833684578318,2.3073556599663,2.41119029698096,3.12761347141999,2.71684826351028,3.01388384034597,3.78319470337615,3.06603406553441,3.37297716382413,3.5203468115194,2.96876538838537,3.0063231608694,3.31160628598136,2.27510540971762,2.97213752313486,3.03497455084561,3.66698377006666,3.6520619416686,2.3423015689684,3.23094845916756,3.02155612426296,2.89024433151028,3.39965373473742,2.93019610715963,3.29860699927948,2.75759722250058,2.56838239628211,2.90305369992389,3.77536665623612,3.03406601387197,2.83644327021072,2.86543387670141,2.5181826049785,2.68183153447397,2.64408931045769,2.92303695592639,2.5121661934214,3.36049350925929,3.27501897055011,2.61142264585518,3.45930045858076,2.48121367947166,2.82152655051026,2.54502190768776,2.6714111386986,3.36067750543379,3.52149051591394,3.00958007739697,2.48357847874396,"Normal"
2.8287899770088,2.54127693127821,2.81927373844182,3.35985144568943,2.86267355619827,3.06259838582292,2.85622082882709,3.20069266615472,3.52596862103309,2.64662350847658,2.99020155880498,2.18323241260437,2.89106527484507,2.63749432520631,2.68171236730839,2.278802538435,2.86084761595489,2.80530690311819,3.32978091351994,2.79919094423653,3.09319675242349,2.81933914611671,3.10052862730145,2.80211668485241,3.15983098110793,2.98091733768518,2.90025627997653,3.14502034952521,3.02216182586257,3.42774694935127,3.03821667021511,3.0263344274055,3.10290499751841,2.98386919017974,2.99423032162904,3.58928410667125,3.39314707732451,2.91038537568873,3.1637257456721,2.33697742860849,2.58980422696738,2.62118213222249,2.9132053775369,2.38868275257548,3.53556777466199,3.55574254629401,2.9268533930866,2.42146569203038,2.44859969765299,2.50885455234389,2.77371788341068,3.06068728629811,2.15705341433967,2.37146407373695,2.91476158906498,2.54542478570302,3.11052861925562,3.85167909086981,3.05503422721458,3.05207848387148,3.19204894140569,2.94045620031918,2.84376079177916,3.30816862732447,2.33108318169655,2.93394459413403,3.00154285841162,3.63288471953962,3.6157693941541,2.3615971344776,2.87503493686404,3.00744310691583,2.99468289946904,3.34452885106499,3.0072421549671,3.41208507063963,2.76786875035895,2.54496752289579,2.80055619996692,3.80156222307652,3.18021948479625,2.72489033716605,3.14240853629676,2.61551752720794,2.68216200322346,2.61149110724077,2.91835379252644,2.38003120131356,3.28722995400965,3.18879810166752,2.71486972606294,3.22803519055498,2.43109338408903,2.84721523501931,2.56538270524521,2.53722399267004,3.43540723938509,3.36398122641215,3.0033935524798,2.65132728420556,"Normal"
2.78251550492759,2.25356879697562,2.86933646384495,3.64711875951036,2.99237326670641,3.07655054428217,2.79143902587244,3.51571245195603,3.67118012666803,2.6014540663006,3.01411422849337,2.17740757777352,2.79215361140763,2.67428437166013,2.74148640197946,2.2631516200441,2.80904188857236,2.88584569827341,3.35127778850821,2.86440209931896,2.86167354474235,2.81525365559331,3.06022727687138,2.93247698262743,3.03269508290573,2.98279283794139,2.90637882900871,3.3488768415178,2.87803864746883,3.40324999535371,3.05320867163659,3.05144867216405,3.15226455822668,3.06311633107224,3.17595407226308,3.66051795013496,3.52248266745951,3.00758303906171,3.10433665981474,2.5072440915179,2.65912309221616,2.63653646120842,3.02010033499509,2.63538293363588,2.96598924821323,3.57026861557812,3.06242742307609,2.78856252299921,2.35889695454288,2.49723423928171,2.70872580050303,3.08566089352016,2.22646537161919,2.36690686815387,2.8933971612298,2.61978156095017,3.02285780221812,3.84364221842677,3.05490923904508,3.08561670819533,3.41217722791503,2.87558349722025,2.96682172866356,3.25059327558675,2.31332132279349,3.11342880157264,3.08692639843135,3.60006751460097,3.77123061952708,2.43647103128091,2.70093902616461,3.05651416636049,3.03019833591658,3.33766828155125,2.97030333789308,3.41087699504801,2.88759935317942,2.64437085155511,2.77980811344581,3.83894168519037,3.15021033311848,2.82204483250162,2.96239539872305,2.49882017287428,2.98247342644168,2.94630790699468,3.09317308444684,2.45685344993181,3.29909956028338,3.31196078756571,2.69505174633351,3.36067750543379,2.72859319243144,2.76644250994601,2.47247217467529,2.6251091416852,3.55240166507277,3.51702367206458,3.0319932543174,2.67592881369186,"Normal"
2.81105994774008,2.3487649734629,3.09191643367137,3.30977864010958,3.01169778804227,3.32224401050982,2.93091896380033,3.06187122227423,3.38379551629426,2.890752126457,3.17762444095081,2.36495896675402,2.89053035294704,3.1967942927519,3.05248371452735,2.3764654300892,2.8113518285793,2.86597620457147,3.28032239805596,3.05582730251364,3.20204465713595,2.98930252776546,3.27510540971762,3.04109926638421,3.03889616929673,3.15034520596636,3.07837585594568,3.32867995319305,3.08367291470982,3.34073600860893,3.22883254030179,3.06759913858208,3.2580032612968,3.24129411318687,3.18116617426998,3.70533656135594,3.36241798726582,3.13444274939475,3.53607777407821,2.83505900615833,3.33469554984835,2.84294464906185,3.17461734212831,2.78928270832252,2.9892262205532,3.59306687683096,3.18714221138605,2.55254676100901,3.09113279856687,3.00844206848597,2.98431409106503,3.23761419340622,2.44659767142748,2.58499856764634,2.89000885634372,2.70213444391454,3.16103632174795,3.49132721830451,3.14392069953015,3.28894467641622,3.25184783130114,2.88596670845049,2.91059452491361,3.24225646150014,2.47414267192404,3.02175331604424,3.18121866155865,3.72726701073491,3.20319645697658,2.55770416264175,2.94852235676792,3.21649366760952,3.21740134747869,3.42712474718675,3.0288060459027,3.06806712542851,3.25256098700896,3.04554431932379,2.89343211084904,3.82093458349474,3.2014237141961,3.08346528591823,3.14286104503364,2.65364018953454,2.90844210091227,2.68229012380292,3.21248062671957,2.73504119878203,3.36776942933307,3.24880045944553,3.05235502699635,3.39856927559498,2.5457213111304,2.94369632732644,2.59101870854821,2.74227790363063,3.55612281784117,3.54162634541737,3.0981449667984,2.91476158906498,"Normal"
2.74939910923784,2.32492290465152,2.78561332173155,3.82516487053998,3.07071046354327,3.20147860628454,2.75092159103621,3.72979202155997,3.54244379253578,2.70058398043219,2.89506603097391,2.28445194677294,2.83613823997403,2.54690433498567,2.89292331617862,2.29646915445861,2.66735626486031,2.82693688223401,3.3083200974872,2.93962152491338,2.84091032451468,2.88512528249524,3.14685395368297,3.02175331604424,3.16942157334715,3.11970311260956,3.00199494932537,3.08047859433741,2.82425054863802,3.38511347127886,3.06058180837511,3.02801212195683,3.12287809362567,3.28662687994522,3.26793574218695,3.66940100105782,3.28073811196969,2.96545739064167,3.19416113966643,2.4463568179637,2.74074626787603,2.74707583841678,3.05952314383237,2.71082516451099,2.99261255328605,3.49836576786697,3.21778286800326,2.54653891133331,2.40448627125411,2.56800534289499,2.71858520599308,3.16747996712595,2.18620260655041,2.34845622927062,2.84695859407388,2.77970517431699,3.06359440213093,3.92671109909728,3.18691251629844,3.15549829329318,2.88949690582438,2.9132053775369,3.01229512546298,3.19947133495319,2.62811099295697,2.94532115818829,3.20789129028222,3.65315175950012,3.83081306383582,2.63287308982607,2.70047523019734,3.22453735017954,2.98293883107706,3.33489430392099,3.01662468052648,3.10548029712763,2.85271001835164,2.75667960513792,2.91759406138693,3.75750335357129,3.2272204535993,2.73942257449627,2.85666505525685,2.39780296186249,2.90360327930882,3.00121135513639,3.22411747115943,2.65123083263456,3.44428408171092,3.30614555930877,2.57348359704874,3.28995984733478,2.55903409179391,2.99966453440361,2.42967755358024,2.65649179419401,3.57156760268071,3.54695617814141,3.11393048535583,2.54287462368485,"Normal"
2.83538245681427,2.33546324691768,3.00748616440633,3.58798898361105,3.02423810858575,3.43851775606067,2.95134347080489,3.43217372607677,3.34881595238648,2.72237202764122,3.00565688316397,2.50533965395337,2.90759253640334,2.85957006908504,3.02145485314359,2.25673895548869,2.90905301675914,2.8640652751826,3.0997227308806,3.03166338275385,3.04106946984354,2.86948058222229,3.32479476536404,3.00434857532116,3.00421911774187,3.15845821621677,2.97476056567293,3.15964048710338,2.86757231526951,3.36740042251637,3.23440781519732,3.10699480757169,3.26742043777841,3.34020902897341,3.32562099184866,3.57503393146232,3.18050594379476,3.10972996240162,3.49639843291562,3.22111764943512,3.16970056475709,2.89130835561149,3.22250628670148,3.12747645652436,2.90744256130813,3.483325661293,3.22370828029187,2.48484447915418,2.60036015702798,2.74521581526473,2.87682141517552,3.21245105479691,2.3484363994039,2.42715023056242,3.05834766993676,2.7416568163993,3.19511763078505,3.79818533977961,3.21581680296805,3.28760526989365,2.88021924296606,2.99367073915962,2.98963677846456,3.25427203094254,2.38726326941325,3.07068298949232,3.20168717717511,3.73695116714366,3.60331181060005,2.55188018294819,3.07894792672796,3.25868022015564,3.0719445389902,3.23451051748386,3.04931013319925,3.08386009538357,3.18879810166752,2.82641628715103,2.87517652079635,3.78385472878644,3.170825603187,2.98234016531091,3.04695546968051,2.53904463201464,2.84883823329902,3.02647785097624,3.18776933033647,2.83901830481146,3.41385265040871,3.25451997149943,2.69068974024848,3.26373905036347,2.41219077995903,2.96195294366901,2.57717984724062,2.66124566287596,3.59694706543747,3.56755761607287,3.09824436465598,2.81024154434317,"Normal"
2.69321261027163,2.35707900461605,3.091542440638,3.41145743146641,2.89055175363149,3.23160751199775,2.77753965017288,3.18573495283929,3.48246110364827,2.68805276005482,3.15485050605067,2.14505133641688,2.86574663079542,3.06785379731181,3.10474424746051,2.43792547655037,2.74279527215211,2.86258826480205,3.28630898210968,3.11123835098711,2.98493198392077,2.96211216906673,3.24381681560998,3.08873015880532,3.01002249359839,3.18307039930868,3.07510472220949,3.28642284194406,2.79137442489661,3.37291728342225,3.20101901663257,3.06611847471661,3.26166620258579,3.24065015575649,3.27398577071105,3.58031435188595,3.33312027785603,3.22048474218091,3.47250076865682,2.71766216738701,3.32064641253983,2.95307895261251,3.28572771332989,2.67955441397986,2.86746952119686,3.53325185192897,3.27145107542993,2.61652473127311,2.74345895670287,2.70992360613945,2.9233526840744,3.21783248927444,2.35960550321452,2.63404489365997,3.10108021330673,2.74512113724606,3.33836736194846,3.83391219370971,3.17691792116113,3.20668385390419,3.34024321727491,2.93695447278739,2.97023338297314,3.37294652764995,2.38905461917812,3.00053189573408,3.17136377282647,3.7235585614721,3.40953893208482,2.47518867022561,2.98924983988353,3.23232767065718,3.02736640511511,3.41789706057137,3.11772662205429,3.02494017413823,3.2247966261871,2.88975777023425,2.91902538231584,3.81242634549821,3.16480397389281,2.94237937830497,2.99531627002167,2.58029505374774,2.82905190034314,2.75648320188431,3.22685683079459,2.7805347807744,3.3450145017881,3.20115863443248,2.65124920485952,3.39595255273649,2.54910233033312,3.18977396485172,2.54301077918753,2.66021443793317,3.47208480035814,3.49864659684414,3.14713408611326,2.67780813831481,"Normal"
3.19972102270495,2.19127837892683,2.90842096397335,2.91185645188462,2.90737141382356,3.0140642248898,2.83354793554606,2.67028743850756,3.59076966745646,2.63416109216233,2.92225875244234,2.41788491188447,2.68615984285041,2.63404489365997,2.79512482223027,2.2207818872543,2.80166775274342,2.80512733083907,3.16098148206189,2.98157687129812,2.74840970726104,2.91931529037766,3.34513517909226,2.89157278097191,3.09953086455943,2.99478244754365,2.83575231462075,3.49705025008809,2.63542472739549,3.41886727527474,3.0907264270582,2.98961316546827,3.13674590996244,3.06445522084995,3.06468801942916,3.69784052709313,3.50944249308018,2.97579341103963,3.05845157955841,2.86741614446252,2.75604119677984,2.67286430708597,3.04172660358182,2.75764842116058,2.75399596181183,3.576534230871,2.99768442052618,2.47040410761409,2.38407468063316,2.51372822750143,2.77510955482863,3.08521387956377,2.22954793277164,2.4670916309018,3.06458283361212,2.7549430715689,2.97358005199166,3.68799007594043,3.01773844251839,3.06572394858799,3.64973041026389,2.97041746758611,2.99625314843625,3.35907131228834,2.16158137940753,3.08958119832778,3.16562739051719,3.63479072526822,3.31526189332106,2.30056598560896,2.62938226776347,3.10105499293806,2.87217275041214,3.41372811035096,2.97750890454014,3.43818637569136,2.66817132950957,2.67083580479706,2.74773326124741,3.71888764124466,2.97908513940401,2.73102245033363,2.85073142646989,2.43649501754297,2.90480583841227,2.64519900228029,3.0391576999158,2.30420144245026,3.36450519833897,3.28832312196207,2.70096121362199,3.49262232857445,2.50413220858657,2.86207244193533,2.5573757778088,2.59421172215297,3.27989468159411,3.26417909078574,2.94215976987699,2.73353005667692,"Normal"
2.80361349465902,2.36342902868065,3.00424608902887,3.7138827373044,2.9236170057072,3.13396294047252,2.87594908828044,3.59631500795106,3.44289441021691,2.68246093354512,2.88362081628567,2.15336759814797,2.71598559468007,2.59753117422421,2.86765731252826,2.27477750957509,2.78006437896358,2.82498775319991,3.34545598965713,3.04018230269518,2.81625767866794,2.79461756961005,3.07641885480052,2.90512365529026,3.11721628101392,3.04095904200285,2.91391956737725,3.36187782045443,2.72078846300766,3.41260134653793,3.17223306925839,3.01816767955021,3.24237080254161,3.07091993597915,3.18830280027848,3.69550392607345,3.29420166322615,3.02107991045764,3.25014452222739,2.76178310875421,3.16552288124433,2.68495110940781,3.0660599056045,2.76914121567607,2.88726595224749,3.60426113947611,3.14559431444174,2.49257874970785,2.38928595447578,2.60634746672457,2.69583127812437,3.11807727297489,2.28368475981474,2.3437773323238,2.94465045789436,2.77562371183396,2.80948030042366,3.76188095362998,3.09552108395681,3.23600883262497,3.4637793767122,2.93767395193714,2.93112894063748,3.3210232413955,2.28520392714807,2.96010204815368,3.09223619697519,3.63667101803003,3.73511053891024,2.46753512528418,3.24671970004324,3.12859530582358,3.04886740103383,3.52805865849956,3.14375421061056,3.16142175366501,3.01598276313849,2.52669484554198,2.99341532356775,3.77154757229561,3.07032749677897,2.75279354114584,2.90266211742648,2.52079183285363,2.76311620607606,2.83529755803628,3.10717563838806,2.40659653182801,3.36333370412853,3.27515905900991,2.67239365890898,3.41106552687451,2.5995177573701,2.81757209720572,2.53098462581567,2.49175819593467,3.44698136586369,3.42600840192514,3.13022911460567,2.55192446705588,"Normal"
2.82857268668497,2.33531174130531,3.01825493618949,3.51881206956473,2.85149920246126,3.23921776980556,2.96684571765274,3.39077222489096,3.4317165513511,2.63411461388445,3.02924260627466,2.6117814418396,2.75439369535994,3.00739466570293,2.987708322148,2.29898962820917,2.81859700377231,2.75694001170023,3.28569812595813,3.04164250716578,2.89209759950853,2.95221613292423,3.31402649560823,3.01421601618862,2.95869793458965,3.13997529919842,3.02379470939164,3.33655047598392,2.87177072355626,3.35073484787722,3.28284453317016,3.00912139754573,3.32726627718479,3.27535277595709,3.30093784856653,3.66120232976271,3.25689290397579,3.09377987634412,3.54811599017069,2.67640056702573,3.24333852702858,2.76106182983598,3.20676042256786,2.63811787057423,2.85973305403142,3.55766740686058,3.22987858574278,2.88226936740797,2.69425841880674,2.53274085237997,3.05942969494703,3.22861400564009,2.27041232604778,2.47247217467529,3.04394287871163,2.7483431504526,3.23764019503538,3.79925312356064,3.18893890712028,3.34394358096398,3.22522864934622,2.93791307105033,2.98850837184881,3.31760218681424,2.48280440795463,3.03603906466208,3.12969515665378,3.75835648293992,3.67296837201118,2.44715068819413,2.86462198323854,3.23203903615301,3.09698032249962,3.45600442926492,3.057275231897,3.22970327221029,3.15123212765688,2.91364197526114,2.7324819514795,3.8374185301046,3.1352147095999,2.78268114143668,2.95770477058254,2.41644524326923,2.85850027187808,2.80063902672115,3.30306616326021,2.55882354013892,3.37429946931466,3.27307122643385,2.73329576383654,3.41005747697714,2.52433202420068,3.01985489248888,2.50076636757947,2.54952624936499,3.54541242915416,3.57371383013445,3.08626745520001,2.62374749051737,"Normal"
2.83525712829071,2.23059653378644,2.79466331281817,3.38659300858122,2.88079913424653,3.03288546997577,2.90432994528775,3.28478949825807,3.47902355998051,2.63612111186788,3.00939375629486,2.15407115651735,2.67862633447141,2.94789240749224,2.8538739208829,2.28013677280502,2.76759547916008,2.856350325992,3.30071825604617,2.89749795754134,2.88843544112221,2.86442389111335,3.0858206291742,2.84063443359398,3.03107224771465,3.07695237942957,2.929764491267,3.37010986451728,2.83206161880364,3.46449837443229,3.19044103105803,2.98909903289642,3.25075697517058,3.10829026118413,3.10565964185034,3.63369856661219,3.42621241411862,3.08503877551081,3.30087197431989,2.52557530552838,2.97220554734044,2.67754432328388,3.16369998708419,2.56052665825802,2.79575032677604,3.60627639158439,3.09054521619532,2.71443676513199,2.4731063080738,2.65594252563769,2.84592154040662,3.14719271159918,2.3164093432075,2.39403115064214,2.92912250776187,2.70385818146215,2.93365949948366,3.85088941377155,3.10869338856743,3.24748856365592,3.63597489900911,2.91886323727459,2.98122613195403,3.32313656705248,2.26054059714546,2.94041109507352,3.11031145509155,3.67661720586151,3.46570026110963,2.32821606387749,3.03127696666633,3.13412399002548,2.99920810379992,3.45165292105695,3.04590771770018,3.28700974294672,3.00097889708337,2.71145085422055,2.62820433563138,3.85481354111049,3.12907690293063,2.84903647459761,2.89425900480281,2.47326739592964,2.71009338023243,2.7365053010275,3.10057740407572,2.52248517836991,3.34425897445002,3.07027596882759,2.80158084651984,3.31070656514869,2.52069881714293,2.90273542666978,2.48837618272728,2.60414250752326,3.40448627125411,3.45429304158508,3.01613613603764,2.5816453003991,"Normal"
2.96695274059105,2.34669597547979,2.88333928734715,3.31904993463054,2.89159416619887,3.06200251881627,2.87588423211034,3.15050768662814,3.50956917306804,2.6032168433459,2.96220473389451,2.62960142028591,2.7960847876836,2.60944767133049,2.77967996361476,2.31090719772219,2.7057103426208,2.86995626809597,3.31456167449098,2.86579611099062,2.8524463628311,2.91325134141458,3.19860887319331,2.91241227005477,3.16298500274854,3.0646052509047,2.93708257386354,3.44350984975568,2.86708991039136,3.53455968460832,3.09002008422691,2.96264155972697,3.14002439695552,2.98174490368713,3.2228771884662,3.65793720178184,3.13446903568372,3.04529442983145,3.16962521032666,2.38254552453822,2.88109486740548,2.64283093500405,3.01500864301535,2.58069543723055,2.92373869147388,3.51290950792398,3.03962447566825,2.36223140705021,2.34211094609935,2.5298209465287,2.90261774423262,3.11824508994106,2.2506069179282,2.36877393550756,3.27796541208202,2.76768445686137,2.99158805547223,3.66668843145387,3.05019693184614,3.09998524345099,3.07348093731814,2.97849585476935,2.98748459251957,3.33290696170865,2.40494943147683,3.05959409172142,2.93818603261358,3.67001317718054,3.57248953784235,2.38631433116571,2.57888317731999,3.00762968009439,3.03668970277858,3.25059327558675,2.97814070369799,3.33207487048898,2.81540327884286,2.64072503152277,2.44689140529206,3.77214959078454,3.2700265279307,2.8058599278667,2.86452888332738,2.4983325753756,2.73631046189136,2.69010863201522,3.00164193427881,2.48564063934061,3.47183776242229,3.23404293302525,2.73975739147676,3.36640894821315,2.42223838386346,2.89965709311646,2.47597980278942,2.64603820205798,3.31309780103818,3.34601936475237,2.97786970490288,2.64850455863053,"Normal"
2.6775804034007,2.20679948664706,2.81665909233349,3.55582842282445,2.97906135307154,3.23512044905935,2.80337997880492,3.41161470579507,3.48657279922055,2.59854624552134,2.9729756517701,2.15694989957057,2.75865709082264,2.66181571421894,2.74055847668364,2.2964162918122,2.75457328102702,2.76782426787702,3.16596176932444,2.88295405110794,2.90662511529606,2.72086943319359,2.94839339844771,2.71647955217009,2.94307177061219,2.90085714973894,2.88388274526503,3.39969337794814,2.75974174307527,3.36035163359093,3.07884377550613,3.06463111657869,3.14065270071762,3.01918593863144,3.20278755578602,3.57804505198962,3.56891983107227,3.04602999464733,3.21597983839318,2.59538430620767,2.95096851151336,2.63217978954522,3.09756529034086,2.50552258908425,2.74387898881078,3.42737285564784,3.03990341614263,2.35598037067018,2.47762034387101,2.55772866597564,2.75707873371121,3.08720652795222,2.18503556735688,2.35928220075697,2.92272876905272,2.77367780025637,2.83426219962522,3.8938087363515,3.10008619710662,3.10115923427371,3.23764019503538,2.9284120160663,3.00478361150962,3.17831149059977,2.3437773323238,2.84219845954898,2.99564551285185,3.56833618213375,3.54054809332104,2.54067455079421,2.84331458375714,3.08546544818421,2.97243717328182,3.3609176483437,3.05056438410107,3.09035043147596,2.95819679708837,2.69030534100738,2.76721620312669,3.80492089830607,3.1012382509127,2.69438546968493,2.93708257386354,2.49388298224268,2.75316592797185,2.7386748961485,2.89915242340312,2.39866230026876,3.35324000205872,3.09358721799027,2.65594252563769,3.28692844848949,2.36085024384291,2.83262676157912,2.52588094851987,2.54250322517157,3.38773888294007,3.49661573802969,3.0810038004159,2.66379318565111,"Normal"
2.85681243649687,2.21404707184487,2.83286774080621,3.53023308623751,3.02507487492398,3.20759616306541,2.84750991479417,3.4203436099748,3.42566205201416,2.78778975059058,2.89917369657166,2.2616872616972,2.86349249361501,2.6795994511923,3.02318259462721,2.21076912719385,2.96574181109487,2.8669989471351,3.31946041983303,3.09040802273999,3.00035882576432,2.9304516083505,3.22517773905571,3.06124740046883,3.02457322794497,3.15476951219014,2.90407555745935,3.30300623310214,2.72442326403408,3.3569508737568,3.21584164765128,3.0343601185031,3.2466604227928,3.16714594005271,3.19786067460112,3.6743024526412,3.39210168939122,3.08650525292935,3.31570098762378,2.91264411709675,2.90290325222713,2.88538498601687,3.11242991484768,2.90949855321435,3.09325084919782,3.53510737647353,3.25586475999809,2.71186929800133,3.01237022224675,2.41528814576791,2.90630378029802,3.14916179490719,2.19916976760631,2.42355396899806,2.99130868560004,2.70242483187482,3.19944620674847,3.92998031535431,3.2780977787719,3.2789259103051,3.4104835759268,2.93476369172325,3.08559121604619,3.14055454629017,2.61425988864453,2.95817080743319,3.16466722836867,3.72998774295772,3.67920983277933,2.74674056634967,3.10134247900844,3.20057968147944,3.15136203376721,3.45290507751697,3.10925356530635,3.24910852122513,3.02470087198962,2.8341812809485,2.77644935109224,3.76918989006193,3.20884340561103,2.80175465373219,3.04297170799667,2.5198186419946,2.74406204146571,2.91139438484257,3.24658138267001,2.3749949330787,3.46143688203859,3.29327188784535,2.65045209450875,3.21497649020599,2.64250981579409,3.05509150984027,2.5850178029711,2.95349806319689,3.51564938249322,3.51868619861699,3.16293345865414,2.76103841946386,"Normal"
2.69041262551767,2.56156076154875,3.01409458442723,3.74750556045372,2.98187456747836,3.11457025404935,2.7890426864917,3.62497817956904,3.56590176680667,2.64746878791826,2.95740761671117,2.36800560006695,2.65298661898741,2.90162574359018,2.88496318818249,2.34125994884108,2.77291389786953,2.77892553962963,3.36661736820067,3.05471826398584,2.86487352103726,2.83613823997403,3.14065270071762,2.94371507860234,3.09790233987926,3.04490115941343,2.95892060650392,3.21797824188903,2.78074893078712,3.4102800411728,3.10957452379803,3.04776172049095,3.14220592321045,3.19588457153258,3.191117266721,3.68666859836849,3.3698768291022,3.04133060682062,3.27125235103308,2.62377323811141,3.18024654168962,2.92657448366256,3.14386846978051,2.61289031259134,2.86959507697199,3.58428908589306,3.07237510129132,2.67172815381743,2.70716915322111,2.51400103081139,2.82603182098477,3.09646596174837,2.22263147670775,2.52187992254725,2.96692875338139,2.60326907610928,3.05344502973008,3.80965110090111,3.09690781716945,3.12622621372772,3.25003382848549,2.87424417110778,2.93562192401453,3.25998198290358,2.28132139415726,2.95899296747679,3.07124781946144,3.72143828474878,3.75445997362548,2.64533967146059,3.06406023955555,3.18835819386278,2.89277957831028,3.37461386045723,3.13669506015897,3.37190729759515,3.01241670877308,3.18938338248149,3.00859624509206,3.77214959078454,3.11866703843252,2.70632499114764,2.97883444834109,2.48442174309864,2.70875007531387,2.85772825261749,3.23641914238618,2.59710444046647,3.37135115533114,3.33479707513389,2.50459751247698,3.26576242590061,2.85350468815642,2.88806130781687,2.55676046769836,2.60112122518809,3.55868397152597,3.41505418034382,3.11541118486654,2.64056771668567,"Normal"
2.81147719588009,2.22270874906718,2.78749097355804,3.54416387225854,2.97316673574612,3.19061960071115,2.96763897488154,3.3203792520056,3.40510333122367,2.75541959819798,3.06273824936649,2.14517201586191,2.76614776149886,2.65557394075034,2.92666935686474,2.25605655462531,2.76429731699377,2.82669694377644,3.13865230401086,2.91267285587004,3.12305860055928,2.88877441564435,3.04167053984914,2.8643803071954,3.24390209882568,3.15375832614889,2.92680786053696,3.03323797229344,2.84140760042365,3.26085669804598,3.19753360881448,3.00070133996417,3.20668385390419,3.14849000489965,3.37589436588547,3.51164513933635,3.28636369509969,3.15690460952345,3.31516768076156,2.3077345189603,2.86772056305239,2.64911646469228,3.00947437895589,2.35692693596109,2.89118001407039,3.53205508080497,3.09940967268189,2.44386122225666,2.37705709757837,2.61942005384376,2.73804144342481,3.22122130215635,2.31173850782359,2.35943964404737,2.83343864016049,2.82509565485754,3.04112380424975,3.86331407228588,3.02285780221812,3.25862143231586,3.23883882012532,2.89194406124944,2.96618864426355,3.29582732967756,2.20158054319378,2.98871922016141,3.21495163061927,3.64413316063422,3.6776773642438,2.45881243845887,2.67399278454848,3.21092182746714,3.14991779445571,3.32301691866396,3.08412380875595,2.95166798375311,3.12633691301279,2.66544507461133,2.58064961583623,3.7788183331814,3.16560648926827,2.91493758604161,2.94847563407049,2.50000146657917,2.63397284588816,2.63542472739549,2.84159680210738,2.53020061889645,3.36457243229586,3.25561100824053,2.69709990046752,3.47389079230572,2.43706257603868,3.06192650648517,2.52889132664458,2.57528812419173,3.46188211787212,3.43483502690126,3.17456780981134,2.67568723432525,"Normal"
2.87684498425926,2.2467272995146,2.85350468815642,3.32651721469547,2.95694690721973,2.9430961577784,2.86426936037164,2.92715500993688,3.44428408171092,2.74496619617561,3.05885502430836,2.18176091842214,2.63473497549165,2.55061751411614,2.79909352457371,2.26541289094022,2.78718795463272,2.79750693847179,3.36254843879679,2.96571595700694,3.08994214513004,2.82482283129983,2.96475348599343,2.76895073490074,3.06630794673183,3.16792789164945,3.02066931641334,3.14951626982967,2.86237799005443,3.25492353968564,3.02265010972956,3.05815368528341,3.04618020642466,3.07647358435655,3.16280136850595,3.67072705449947,3.24576945074403,3.13264099757945,3.14862015814549,2.34263154305095,2.94002388370479,2.62559780605933,3.04882033096349,2.34405014052967,2.73971419365175,3.63466296217495,3.00246310133772,2.44406802794529,2.44123645799643,2.65331000142206,2.7855421822006,3.22230843343047,2.3410008500082,2.33067885860361,2.85975690394262,2.69333975327823,3.02662834186221,3.72814908999905,3.06095008298815,3.02074753381256,3.09840439766421,2.95027989963613,2.91571974759683,3.39099778395738,2.23428670907804,2.9117931900379,3.12142161995622,3.56763062449235,3.58856473740135,2.34314342242831,2.59531746348913,3.13261303296968,3.06574634815652,3.33226539156231,3.05590016721386,3.40498620547545,2.94273593616947,2.69450359467435,2.70983540391978,3.77695671629376,3.0874730249441,2.94008967937318,2.89841733946967,2.50748260383657,2.7471209652454,2.59346612230871,2.96750618081361,2.50486950589747,3.22471174929101,3.22132804120536,2.67543658119784,3.56321915682108,2.51777456523161,2.96800778317157,2.52930373196875,2.53224463572881,3.31229777387706,3.34611158405215,3.15485050605067,2.65596770501972,"Normal"
2.96473131018844,2.29487655188058,3.05482417145926,3.29004834582676,3.04316599444729,3.30724781267762,2.75043928829063,3.16887947027455,3.48764069505496,2.64329054244457,3.00301028649202,2.21724312644721,2.88196604649431,2.91386979616904,2.87796799754271,2.35282066013738,2.85050741481762,2.87480876703683,3.10159629335697,3.04831117873121,3.08256635107141,2.91083050093512,3.1817672779972,2.99428101740783,2.93255446148359,3.1039641951119,2.96211216906673,3.22100780036386,2.84324623340335,3.31867258993125,3.19146632042974,3.14812876812888,3.21042471316373,3.11646457070017,3.17686846776878,3.49716524608381,3.42229759752227,3.08634729166548,3.43318113780724,2.92196182093044,3.36669149691012,2.86493887407489,3.11553436920683,2.86889019784224,2.85878668940847,3.5624500352352,3.14507253759086,2.66411415509433,2.85428695037356,2.81409508750726,2.81935958540699,3.18830280027848,2.33512591081096,2.57226881227646,2.95300629439525,2.74617300529287,3.3546482116017,3.8275751682276,3.13822796820363,3.19809963733264,3.22932950645655,2.90162574359018,3.0124971626829,3.29010881667416,2.35066979440748,2.93066354537199,3.08713013438617,3.73487216825608,3.38515351604999,2.56487564793677,3.09115988593135,3.15704856225079,3.07869180367687,3.34752960005861,3.15983098110793,2.86094492540692,3.09919419531472,2.84537563441812,2.94276032901321,3.72685300984434,3.22727437290713,3.02429485384592,2.99948234029332,2.5656605360694,2.80032633081406,2.78972716504738,3.16638606161847,2.78943296253552,3.38054245114073,3.17852821795537,2.68235530359068,3.28611081499528,2.78524712493702,3.04886740103383,2.66924678240966,2.68456068970268,3.45843581546747,3.48299022282512,3.02415653336379,2.8625188378499,"Normal"
2.79701505365485,2.2302645080081,2.90416421285538,3.50931580196783,2.92171433131129,3.16298500274854,2.77328534844716,3.41723413271199,3.43946090834868,2.54120505546497,3.0199971830866,2.22565437417074,2.7031494384782,2.85804467129653,2.81517576337655,2.37878071626981,2.78355723090077,2.78692249955544,3.31325165738973,2.99594936263461,2.91587842301266,2.88446507362424,3.14830614343156,2.98218315695172,2.99971864703422,3.01598276313849,2.94482659374723,3.14302110439376,2.78930357789902,3.37493096441348,3.05701696536554,3.02207658119028,3.11012433359506,3.10642202707626,3.09790233987926,3.6187437453997,3.44359869541485,3.07451913710618,3.33594910098063,2.54267160434489,2.97281578323098,2.74379068452004,3.10750208107655,2.56687602593516,2.7663322513898,3.50114611773397,3.11858398746073,2.62046207527774,2.60401200110709,2.62031895926513,2.84691648455896,3.17538248024525,2.33560902031746,2.57629719056237,2.88049550403207,2.65810177662119,3.21384183525741,3.82180203852949,3.09641198539922,3.06095008298815,3.35035721400492,2.86644711229223,2.99808896729561,3.33999533373146,2.38839070123568,2.98797566083537,3.17686846776878,3.69784052709313,3.60312186984,2.3247558893974,3.00254231203542,3.15805582936007,2.92830209543332,3.40042043258945,3.00629443286904,3.14758837132904,3.03569076478111,2.78130725093294,2.87150855746998,3.81325787891584,3.05239850379752,2.89384949919457,2.98602677224306,2.51393283481986,2.68627191894477,2.77993415135619,3.21481023357276,2.62733134578436,3.33569333350164,3.18507363787676,2.75348259515796,3.34216358328935,2.78664445092402,2.93844953271375,2.58997436387076,2.55847336876335,3.44221367240886,3.51911411504084,3.00516460982475,2.56307513033106,"Normal"
2.90882827591379,2.60393606466841,3.28636369509969,3.21481023357276,3.02706202189759,3.41130285205803,3.03684792174598,2.62665172872326,3.40414289182441,2.7981065205332,3.09434756187564,2.23109442922292,2.78664445092402,2.92326710194498,3.09837407698363,2.24618611708811,2.90735026119205,2.82901129518885,3.091542440638,3.0826753427077,3.06324924036997,2.95445876393313,3.34108627234751,3.08256635107141,3.13452160682487,3.25992776623378,3.02023015363911,3.20906963570362,2.85425702467383,3.32436995261657,3.25418887060376,3.09249161832283,3.26791028088483,3.43865081912652,3.40645775790712,3.57115496718662,3.51750247460484,3.19368817503411,3.56833618213375,2.68094091531314,3.5228592551917,2.9135117757309,3.18180066530635,2.59629115130243,2.94865130356195,3.54737579226099,3.25242171465729,2.5053828490623,2.66232401001839,2.70100336885095,2.87299616153356,3.31040410969889,2.39073371128179,2.37752637009631,3.11609522437003,2.77848194751581,3.22668731426964,3.57998866122187,3.12455643335481,3.30636578569638,3.19937081950816,2.95401014417707,2.98391842776691,3.32545837490823,2.2852601618953,3.10739160105118,3.24048225231669,3.76551353010343,3.34679098763419,2.41742048537361,3.11156554495952,3.29897643579734,3.13401717345212,3.15172408531405,3.37358696682993,2.69406670682998,3.31109326676467,2.98790110196532,2.86198513058554,3.81242634549821,3.21111501689757,2.97699227181379,3.07886938715946,2.64803970464565,2.98342597625974,2.62166509606494,3.13133430688841,2.47969103239988,3.31774543541892,3.3231899010884,2.69801172899041,3.51868619861699,2.45640403064257,3.12163380317571,2.52902880818518,2.49437464598158,3.61480405785787,3.5573488175248,3.24208722012623,2.70582091023241,"Normal"
2.75270364026789,2.25480867783732,2.88202867281024,3.63927847695342,2.94302487105693,3.05016732261381,2.68109388902136,3.53503270346133,3.54114309068279,2.59835567626284,3.02586333116206,2.11910048690732,2.66902676550963,2.70062836592743,2.89853729978906,2.26295926351023,2.78222821677527,2.85642403457164,3.18674616254069,2.94376758087832,2.66052251374095,2.80146910225368,2.93087734314046,2.9981178591531,3.06153256024815,3.0536848241033,2.86607514751955,3.36505698439423,2.81947404008158,3.4965518281585,3.10531434149708,2.99729060087891,3.1866907070252,3.0769780246819,3.22325880865786,3.6072356106592,3.20330610425584,2.99883094348505,3.17074550125664,2.33942817556059,2.78115824676894,2.68206084735992,3.08359293010718,2.42530621842811,2.89758895408629,3.58473405592066,3.09146119856492,2.42048779182452,2.78941418161466,2.541001801027,2.69143813093853,3.02303884307228,2.23535331972315,2.54001238580686,2.77415028873458,2.61509843615495,2.8570115764175,3.87891167346964,3.09533541022255,3.12386480990996,3.36258771221634,2.91279546820434,3.03639431427259,3.4211519202485,2.25030069210362,2.92864320110013,3.10636842194346,3.6219463597208,3.7151026360576,2.4643598318347,2.72843211225133,3.01681541759037,3.19157528370184,3.39289850574209,3.05352322792688,3.11926320405284,2.78664445092402,2.53447502276735,2.60996530047325,3.82999159033959,3.13082546359853,2.67735488786547,2.86803084576508,2.5273881739724,2.79917643534196,2.68076992550091,3.03512591806432,2.44289573687757,3.29810546978352,3.1931519609409,2.69448353639561,3.53199272176743,2.61612240464668,2.86757231526951,2.56477811648136,2.54775580795863,3.38651989545831,3.43958457652917,3.11348214501395,2.72712103450715,"Normal"
2.80639830425928,2.25314820514018,2.84503032251855,3.10244145891205,2.9470451874611,3.23807144782936,2.90405242906873,2.41884838997787,3.42625536037822,2.86907385499207,2.99187643904444,2.49974896022675,2.86995626809597,2.67323754862603,2.77560475028078,2.40018540988918,2.7483431504526,2.79731394037126,3.22401711432997,2.98654018037478,3.01856830427835,2.84394365699723,2.80386143472225,2.95357442134612,2.96999403785518,3.22573456913344,3.04058036808086,3.18849904225451,2.8099720687763,3.34390948024061,3.20609148141602,3.06498801553088,3.23092233665231,3.21960223202713,3.37358696682993,3.72814908999905,3.25228545695461,3.1139004892361,3.36752902651577,2.36132481689364,2.95643400910476,2.71047695201793,3.05719723681082,2.39661437057697,2.77455093895431,3.48225456546272,3.21395067647786,2.51256823759236,2.41213386051874,2.58468595766876,2.79412885846565,3.22646074745088,2.27367999252426,2.33226109437184,2.8199705864554,2.85147721456187,3.05233241854193,3.68716149425407,2.87594908828044,3.27084136788979,3.51813223594503,2.91015892307729,2.9577976186169,3.39311000030344,2.23424991533215,3.01312097516659,3.20603520119348,3.65154542468813,3.59596904792852,2.35934405552734,2.56302874585812,3.15196107434008,3.17906352247085,3.35441548620741,3.01017829210238,3.25239295021389,3.00143296630962,2.52525456129186,2.79552384648399,3.79080330981442,3.07786677838551,2.97806929679286,2.97039353791468,2.61215194666413,2.90393870908813,2.63901678499223,2.83548352027434,2.47963412818916,3.3028293515338,3.19141578394482,2.7595841036145,3.44244725608096,2.34335380905859,2.88160589241107,2.57555437330874,2.53800667720762,3.3667292591279,3.25471799097065,3.21901978933396,2.76929569827913,"Normal"
2.82206523349546,2.16923875661394,2.75525934896026,3.51410963258773,3.01444456589816,3.31184166150519,2.8376042191695,3.37138182540202,3.52545503479603,2.70261100409057,3.0162449139083,2.20118843872959,2.95500585397852,2.5008351887818,2.95420561806679,2.32439587697812,2.78513829425941,2.79045302522237,3.21114150052896,3.01333897781138,2.92569566130889,2.78245050312714,3.16560648926827,2.91909595740609,3.02405012396797,3.12383336460125,2.96971966268184,3.17769937873474,2.77485662349312,3.36276863666285,3.12298077006393,3.07458935136969,3.15191238114256,3.22017050659528,3.29798959461045,3.59685167827638,3.50449327710845,3.09137995191662,3.17047792857039,2.28463257625083,2.82511804852995,2.75138445002947,2.95846966020421,2.34540773067945,2.82985361805288,3.4750589349629,3.21644244813562,2.54816532319767,2.36360564282223,2.62280855983456,2.77487981071174,3.14327095748854,2.19887127951782,2.38267831843638,2.77517910317261,2.85416325346146,3.06745458254715,3.88398242216022,3.14392069953015,3.13958409404237,2.80490025342809,2.79237229134129,2.9766917336345,3.29110548296587,2.22364804995089,2.97938517946087,3.24916466332969,3.65288798438688,3.74676420988223,2.3736983185412,2.48343143724961,3.21789606403401,2.98064503228157,3.29857620863229,3.16338118649218,3.20619309292402,2.94726779455202,2.61349393490747,2.66788304450903,3.78667999396184,3.16084759995426,2.77852610260629,2.92176192876619,2.38585618992298,2.77118624058226,2.93910431025571,3.12769105239797,2.48155728070859,3.41436964742322,3.28490791866071,2.62762551367273,3.22694158158834,2.451435330437,2.94663729711677,2.51902099109526,2.4284425861367,3.5687617827979,3.50826383612712,3.14908698631724,2.58475569961086,"Normal"
2.73161120658814,2.27470893921471,2.88229284765792,3.13767565323025,2.99529274980124,3.13328732249511,2.74490593682071,2.82241608544277,3.51330123729603,2.68469757300626,3.0072421549671,2.20219201344124,2.7418121132759,2.68495110940781,2.87171947678932,2.36115353929943,2.84560044425425,2.80814406647658,3.17552460108987,3.00154285841162,2.86260611690688,2.81964979208267,3.14788952102237,3.01403922243808,3.10167696671132,3.05309743089818,2.81809998433258,3.34345899086968,2.77481446395902,3.41586275526948,3.15255175422942,3.04587976722849,3.1990330991463,3.03984903575416,3.14607027120995,3.53153118109735,3.37454709284731,3.04445532330436,3.17502312352554,2.35381445791051,2.78769573651791,2.62339634109812,3.11221637354605,2.44115942110824,2.8522186215538,3.47819525793917,3.17917024099251,2.45202340895795,2.41801179312457,2.56522914420094,2.81168474729801,3.12656158992275,2.22378703925156,2.410004545072,2.88701048770619,2.74220890714079,3.17106748402328,3.88569149317878,3.13941546663682,3.17351444608982,3.5653900172682,2.94350129960812,3.02085774204152,3.30366240580622,2.34105495141037,2.92511264794274,3.12650707594631,3.6793787554163,3.65994738567496,2.42069258613015,2.59768848555262,3.10520369380346,2.64597136062854,3.39960998924066,3.05706376877108,3.25805905833636,2.7163083327252,2.63996606054479,2.63230311898957,3.79745921016174,3.14882837891892,2.7317284946299,2.88466824699631,2.38739011501898,2.59338245725763,2.86577433991381,3.17012055351629,2.46748556503156,3.41964135967207,3.1551841528057,2.68361337064336,3.40010751601234,2.48114133194034,3.24339184730289,2.52977847695867,2.53149375240873,3.4937754084607,3.5565029891812,3.02739294711893,2.55438993022263,"Normal"
2.96855160336395,2.26602789586929,2.82763207173876,3.56061714132546,3.04638279288725,3.3204659040862,2.73024648938159,3.4940315233275,3.44540492105103,2.631686366312,2.92298940051935,2.37607085024767,2.88049550403207,2.72727572526638,2.9551249209184,2.25075545951888,2.72573243269804,2.85481752970077,3.16800815016884,2.98871922016141,3.09840439766421,2.89915242340312,3.20227352322972,2.94333437995028,2.8757741664827,3.05929297178271,2.88453345247268,3.13091769446911,2.98966220741297,3.31316166793069,3.25683706181544,3.10023929667024,3.30443072760357,3.11355715589142,3.12219726336106,3.56780096310449,3.36966329654455,3.13042847415606,3.40213548526578,2.67392722584321,2.79491695338054,2.81703787524616,3.06795702453303,2.5626771518883,2.87447042945649,3.53284057382264,3.08926762663607,2.33555757256412,2.89986200436498,2.93112894063748,2.7754256566526,3.14849000489965,2.30732359810097,2.44620593322241,2.83192789672936,2.78639980743847,3.18180066530635,3.81604668691325,3.06195069266131,3.29742181843295,2.9816024427068,2.91476158906498,3.01383561491445,3.32918819313079,2.49930505405682,2.98357372936257,3.02986805364334,3.74379499217182,3.5589900253855,2.59254314789439,3.10363023734232,3.13720347755941,3.14392069953015,3.35268650146614,3.00919307588596,3.25663178556916,3.18913348080277,2.82077123949492,2.82834317632024,3.77569323539687,3.1872515017252,3.22576232788964,3.11074909096467,2.569063275286,2.81742883869727,2.85436674920488,3.09816686860949,2.95403807064005,3.43037895143247,3.22806906379207,2.72290313856045,3.37722788601397,2.8516910826329,2.96143626584023,2.59677774888842,2.81402944164367,3.50478562554484,3.50304337056886,2.99527103848819,2.89262999802606,"Normal"
2.52265088879448,2.30227810210501,2.84700070235974,3.70282374292348,2.97608863588298,3.17825730367336,2.82397552781896,3.54703023656092,3.48381577726426,2.75350184970457,2.90349530830613,2.16405573689064,2.79260134905853,2.52485854426274,2.95711597496823,2.25993830852359,2.79550722267666,2.75966079523344,3.28148312785957,3.02854793593723,2.87332696953544,2.80771967169083,3.12315132928502,3.00509093403574,3.07597238931618,2.98810840245707,2.91261920969681,3.10959959567332,2.82232838045478,3.36839121590908,3.09798153509548,2.93143155618729,3.17900936378356,3.11363716319552,3.13489283597887,3.54446065693534,3.3871612333324,3.02103192497655,3.11975456484805,2.52717044966841,2.86755452451182,2.84535355299128,3.06433277096645,2.63007225246274,2.90207357931074,3.61554577615751,3.0970882306623,2.64417239387298,2.73327189854169,2.50159455294279,2.75736040506067,3.09054521619532,2.36454441852794,2.33284539480775,2.8734529716816,2.69864744394052,3.04791872991424,3.92593297712311,3.146664996443,3.14536606028931,3.32230603148054,2.85891794510884,2.95909871929356,3.22422708371945,2.28254359228321,2.94399631849866,3.0533060002471,3.6423781131484,3.78319470337615,2.56077608432516,2.83134829113848,3.16797925761621,2.96141033447803,3.39646504276434,3.1603716533301,3.22189718279715,2.84352162536115,2.94685809611543,3.13788054250463,3.81041225472617,3.11342880157264,2.83803000276014,2.96072668976475,2.4983325753756,2.74975092381539,2.83327468155561,3.09613195067362,2.46586478940013,3.43050473864659,3.23122809410846,2.55068892253379,3.21317928158616,2.66853217206202,2.78889030408555,2.54993033525771,2.72961367449995,3.50444242785421,3.46664017014115,2.98730813086007,2.6604586219435,"Normal"
2.81931666256294,2.25748741350248,2.78594595710347,3.68578320338609,3.00095727117415,3.16654674581701,2.86147703244334,3.58473405592066,3.55413448467556,2.82846707583086,3.01686532593051,2.18568580076483,2.87941366937598,2.56485126569105,2.97164287232609,2.26345813526984,2.73942257449627,2.88540451070791,3.24134293235967,2.99408365595169,3.03821667021511,2.84708491524455,3.1500754476606,2.89262999802606,3.0043737462793,3.1231264918179,3.04082055705018,3.17906352247085,2.83392635744729,3.32756234434836,3.15587873270414,3.07267521812188,3.25225668979435,3.22166212979068,3.20057968147944,3.59623150795487,3.19957969532278,3.20567870879024,3.29671435307107,2.77347314784795,2.9218514077304,2.81206689259224,3.01519424042221,2.70168433791385,2.84180610272118,3.6086436780071,3.18822208010503,2.38909868590433,2.55347847016803,2.70586292370307,2.82026884079323,3.21622513317416,2.31305135061316,2.38054106588464,2.90347217061136,2.93717864220671,3.19406971192747,3.90201567734451,3.12077824883759,3.19281435925674,2.98961316546827,2.95293176934537,2.88359931254079,3.33696743450637,2.29835039047115,2.90307684433093,3.13619466811926,3.67490125709929,3.72098978588307,2.49474328385788,2.9792077242834,3.13806409858163,3.17834177064281,3.45330553816456,3.09350102039656,3.30537231308969,3.2873171423897,2.6233541974237,2.68428688412679,3.80846742917727,3.17489053822111,2.96569564275567,2.95236525312209,2.43038162787037,2.72625576770446,2.65115045139933,3.07350835813834,2.73002905852526,3.40546009757713,3.2191669712586,2.7343692937085,3.38086517955509,2.53532639501503,3.09267089371527,2.56083965662232,2.68767213599432,3.4732154340704,3.51375601538331,3.13611754309069,2.68063941963985,"Normal"
2.71529157314551,2.17929128528276,3.01056502945574,3.5670586262992,2.80092474252685,3.02233585143043,2.67750373207388,3.44409056267145,3.5894638929561,2.53984369596765,2.91878883521516,2.16970056475709,2.67978408906556,2.65237405784183,2.83598873140676,2.2635272424513,2.73925621716779,2.83213050109593,3.31728380564882,2.97200698121655,2.70211227449328,2.77725347380221,2.94987665719301,2.87020490451203,2.88077954712869,2.91904827191258,2.88655795092753,3.21499979567951,2.76002928421017,3.41586275526948,3.01686532593051,2.98800475593456,3.09167444925001,3.0875901322559,3.09655704225857,3.65822290999399,3.25242171465729,2.96150479648247,3.23636556378052,2.33785378487762,3.10497901934722,2.67619292427755,2.95125766782459,2.41716660769057,2.81748614380771,3.44823229466725,3.06109874938757,2.37281562030419,2.58510916726156,2.45353338226951,2.71023006693175,3.04429443880299,2.25702872723514,2.50391348933938,2.90796932810343,2.68467737792573,2.98345333908712,3.76734758376632,3.05033451971756,3.02967903458316,3.05352322792688,2.8412747418597,2.93342345134844,3.36505698439423,2.37829797759275,2.89663223532592,3.02072086926651,3.69567095170673,3.67999796925444,2.4345561744782,2.71005148978042,3.02290217707828,2.65902944461049,3.44391822934834,3.03030959045875,3.11052861925562,2.92233487888439,2.84567069014449,2.69313453445157,3.8060971682782,3.24516552717572,2.71158300747396,2.86291155203192,2.54702283089004,2.72151265644844,2.77850087129149,3.08637446902873,2.55966311542286,3.3710374467125,3.17932791510573,2.56282610146136,3.25103431262591,2.88295405110794,2.97326410534554,2.50803052533354,2.64614882934363,3.3777998106086,3.45910894348222,2.98284758709858,2.6233541974237,"Normal"
3.10223147393819,2.60743447996938,3.39286966317228,3.67871421224495,3.0799651399645,3.44827723386749,2.94553092219656,3.52120153337943,3.37090357693756,2.68562624125091,3.23537323454832,2.74944201804823,3.02610775367799,3.25550375449609,3.11120996842054,2.42648214910965,2.86879737296906,2.96025962421473,3.35314964911864,3.19714826792705,3.06603406553441,3.22987858574278,3.439418353405,3.08521387956377,3.28757719846184,3.38612667644099,3.38494637592829,2.95270630763022,2.95967557955749,3.31557637377996,3.12656158992275,3.14504481291605,3.18586337454952,3.43971754124063,3.41385265040871,3.52416399878694,3.19291217721927,3.55495715233255,3.55921034396889,3.28686932237051,3.64324435735975,3.02160942199691,3.35614662798628,3.18373422068487,3.25938247421619,3.50762975134305,3.37937282156615,2.95636709590561,2.96408806352211,2.87686069676784,3.18762049343956,3.35618325837847,2.36760310839829,2.74855998553469,3.07159622128409,2.75849080484127,3.38241686879221,3.81485800155505,3.29629146954398,3.15947903181375,3.40091221667283,2.94299860664002,3.0704648956525,3.21552795212424,2.72470483556652,3.15579455900938,3.19224940965934,3.83894168519037,3.73238860498474,2.75303966964587,3.23994024879205,3.23972339035453,3.08438407210794,3.44057088293032,3.19059431785566,3.11716473816884,3.63810860049781,3.22733137112715,3.01931761896217,3.74503290895419,3.24976084871666,3.01414280120301,3.05540912676594,2.62748544120653,3.06508455273273,3.0460789025245,3.41742183566737,2.8931214178774,3.41500954679164,3.25951655683136,2.6832764959553,3.24336594913007,2.75560973753566,3.2873171423897,2.59037207046624,2.76363677879816,3.73217149675476,3.64610504039074,3.09698032249962,2.747694597608,"Normal"
3.00043634925537,2.71842958054365,3.15403225902458,3.59153581041497,3.09618256338319,3.3197349750237,2.89431915934181,3.51218895363033,3.27095197123141,2.77319882589086,3.11508486199769,2.64737898609698,2.88001544203358,3.05282798418772,3.14828010805547,2.3984625634354,2.8069612186959,2.87573485529487,3.03317981534391,3.16319599218662,3.17179448422576,3.01192315995455,3.32714984578215,3.1726827205764,3.10047816683399,3.20513754760378,3.20434733799195,2.93182486152964,3.06378765665255,3.35988236120549,3.27222927363263,3.10776150848114,3.29081952787057,3.33996541387152,3.36045417878863,3.34380291028465,2.86052982509101,3.33433943990693,3.53291536038143,3.23864777952677,3.36823334942003,2.98858835242249,3.24740045383348,3.14459625149405,3.04667439758726,3.36363507641056,3.33610053967853,2.87174312936949,3.03304234414308,2.92371587617442,3.00642549972187,3.29102294504594,2.35660021575208,2.67145643083786,3.18343887377052,2.79930079256097,3.31040410969889,3.8342561308819,3.28771311820912,3.30865065501874,2.97183964965333,2.88757790865442,3.13606995325017,3.21734395558067,2.79097425117392,3.15690460952345,3.17438244798767,3.81403764753997,3.67710226860829,2.69216604308071,2.90496571868403,3.33754126936418,3.24877769364971,3.27969117473346,3.07677626971666,2.86411481307598,3.45232658449104,2.85813421115438,2.89544998588082,3.79555917143856,3.25611393703847,2.91386979616904,3.133806803845,2.49721124191568,2.9236379211788,3.02824380192609,3.39643079108687,2.99294422586073,3.44644151827105,3.28076780123743,2.73139398132873,3.01053638579936,2.89483716075792,3.30063626626934,2.55657410688873,2.7665612405066,3.61355522617372,3.65273887276965,3.19739521250371,2.78173319203975,"Normal"
3.1950057840076,3.11061213523071,3.47537027999587,2.85382203442278,3.09610326935001,3.49568237271772,2.96162518026912,2.43914437590128,3.17492089014933,3.21464084963661,3.396282814495,2.94180306956863,3.1533303032216,3.45968078989837,3.22348278969075,2.89500008904201,3.11248829954482,2.98777925356673,3.09020983138016,3.38701092379813,3.37699322028561,3.14693213564708,3.47495513835219,3.26678204397608,3.33547325144527,3.27705785269249,3.28575582077104,2.9164632683952,3.17053881773473,3.22187398847985,3.25759904532993,3.22959561299223,3.30172517892563,3.3688060569868,3.47690008320375,3.43282982606893,2.96692875338139,3.34052666406976,3.72663506691069,3.45437727725125,3.69997354135681,3.0689287187862,3.48805220289557,3.35258763972475,3.33036048196688,3.34765431877084,3.48271923480675,3.09850883068664,3.31282923884634,2.97492021886309,3.13034115476843,3.41870539327918,2.90826723146454,3.02772202740409,3.41863254045461,2.89513003055497,3.59792442038764,3.36190869257824,3.37264430870724,3.27482520877323,2.86038878296828,2.99140665262339,3.1868032002757,3.06673847242785,3.03846603263221,3.21528253876604,3.3111252449647,3.83159353730734,3.28109434286455,2.82978868535193,3.44271397300153,3.31728380564882,3.4111089263963,3.2681094661378,3.21320728296932,2.591224613906,3.40787072299946,3.26021388677142,3.14383908971537,3.68867273833914,3.37028705787239,3.18447867118709,3.12840889118681,2.62543649497407,3.04465815210671,3.14015531613956,3.44897625469018,2.91219955115321,3.507350665725,3.33001334269188,2.98284758709858,3.02460336714066,2.92470610834469,3.43372329904428,2.94294795248565,2.95770477058254,3.64698056702089,3.67982911910882,3.26990987097774,3.04690484583121,"Normal"
2.87127000407258,2.53561753863984,3.23222020711067,3.38197271079438,2.9721614238969,3.24251257284872,2.80512733083907,3.2201023873928,3.42712474718675,2.7565066862894,3.05217414943994,2.38926392414078,2.87018319986533,3.01885846516223,2.94990092960195,2.31531117128615,2.89331949237786,2.8557844374185,3.22924335740802,3.10829026118413,3.15881849153536,2.92503856748649,3.28680871558365,3.04468962298598,3.04474207292591,3.11106971695389,2.97227908341431,3.19267866529534,3.05587761424752,3.33444242049037,3.06556024887563,3.12386480990996,3.14527474851576,3.13031314554346,3.18830280027848,3.56313371911268,3.26130363682464,3.17940754194732,3.45733950617202,3.07387163481211,3.52130205560918,2.83584122804283,3.25239295021389,2.97857090128027,2.92139253132156,3.55377825912651,3.19734488328072,2.7229446575113,2.87438386523578,2.71688995707647,2.89562059971158,3.21409215778964,2.2707800840093,2.58510916726156,3.01354622846746,2.75604119677984,3.28485167018145,3.6507645591169,3.14923985190903,3.11267678258286,3.23932471339856,2.93971554402365,3.06673847242785,3.27339653046974,2.52481091463883,3.00854246442634,3.08282519276425,3.73956731137097,3.37837844525703,2.53117182559598,3.25501421363298,3.15697739640554,3.04742845498187,3.45665372530927,3.08388391663637,2.78520317507471,3.28024518085274,2.89658767627905,2.89213841072717,3.79234521848067,3.17633234801825,2.94237937830497,3.01071360929696,2.57861995696941,2.85140325280448,2.82618846771693,3.16890674067921,2.68935955115734,3.36061149423837,3.0919604264785,2.71094856142685,3.31986500924792,2.77625983284232,3.05714350440955,2.54373837439024,2.67102836333983,3.43444408463392,3.50762975134305,3.03642420752668,2.7652079813657,"Normal"
2.90961951565605,2.43782696154275,3.06777293082924,3.21365678633563,2.9765102808885,3.4432127737912,2.83591397131255,2.91105301206725,3.41405568179961,2.64031551446385,2.97648278605719,2.45331475798875,2.86820473300944,2.8516910826329,3.02522728433108,2.35650162184655,2.83646548843644,2.91371472870466,2.99513171645417,3.10885728367456,2.95238948369846,2.78076782485042,3.30376029463407,3.07480168590941,2.99610307177907,3.12480288884772,3.10038060492538,3.14441352468572,2.78943296253552,3.28662687994522,3.16190380178451,3.2254677494046,3.16226966389855,3.18307039930868,3.25133432262344,3.39606493244316,2.8570115764175,3.22825535238116,3.49961631292225,2.94247321786599,3.36783511383235,2.88260979363524,3.08089297738709,2.86106407089962,3.00655655466854,3.41762436542059,3.27150784880163,2.67368304997261,2.83215278583932,2.53106200466998,2.83711168710279,3.28330101329276,2.31982888980572,2.48224681970554,3.02965253460476,2.803043070754,3.37818836786413,3.68953399875391,3.23804086677156,3.0971910731179,3.18055845510861,2.93535602090363,3.05681413306064,3.16333448756099,2.54993033525771,3.02225949585774,3.26902566357774,3.74597946752382,3.66559742637671,2.54413171691961,2.83441593260823,3.29425901898111,3.05307135760932,3.30828951344724,3.0310493032632,2.97447791785198,3.33389739808171,2.81607331864213,2.59849384148461,3.76320971052649,3.25621963550955,2.79572955024882,3.01197144935563,2.45842137848336,2.95841397804527,2.84253640450124,3.27008186190485,2.63280563563866,3.48949155669908,3.1631170760854,2.78633498041697,3.18160669014357,2.68648259843442,3.34874373171306,2.59668473556735,2.98194030804704,3.52666980940212,3.60397640639912,3.10324415966904,2.62046207527774,"Normal"
2.84730344480128,2.30741395244147,3.15802673680331,3.21387137868631,2.96259159059005,3.25222640795332,2.75193497313185,2.80361349465902,3.37937282156615,2.69484454275154,3.11201114391768,2.74418047492587,2.96932181807687,3.00639856914873,2.94011411700006,2.28660026792933,2.83653214106065,2.82337029740997,3.23438328819666,3.07151041583651,3.12184429787638,2.8643803071954,3.11438535006131,2.97353046029382,3.03838701399606,3.18320223503599,3.04201915083876,3.10474424746051,3.03525791139665,3.35215680591133,3.11183258707798,3.07283125420419,3.15672343511587,3.13587629563922,3.21988252620616,3.6018747626819,3.37345194135098,3.36551337884324,3.41401372432109,2.84067269898972,3.43111077223381,2.89003415717145,3.10877701084646,2.76764208721183,2.92415880874083,3.51386968750884,3.1223894523809,2.64134718241425,2.77170813512414,2.84485763556966,2.94839339844771,3.14703637167574,2.33388738262018,2.58877339142018,2.96082860857504,2.81286988962997,3.17042344661337,3.45995613965412,3.08817213336468,3.12816140091449,2.96650060686478,2.91085160260161,3.05210283570895,3.26122389022171,2.30489356811763,2.99729060087891,3.07502426115013,3.78152758099914,3.10206346395066,2.60701540194188,3.18363260276298,3.13707393013599,3.00782519724472,3.43881313944891,3.25859580609754,3.06430689994291,3.5038066609104,3.12625265014991,3.02610775367799,3.75037068102406,3.18932960982604,2.99663459833748,3.03671255770162,2.49248133336357,2.7912514666599,2.78481803329707,3.12947921012969,2.77967996361476,3.38447398521408,3.10944079977064,2.78924096826382,3.34443226944559,2.73528820777835,3.00256931468835,2.48214870318149,2.66134144724481,3.44160697451671,3.45103303105407,3.0388663272194,2.80668288186562,"Normal"
2.85639216105339,2.40622643837094,3.07856543288731,3.36545038819816,3.00955141417821,3.31828212945776,2.84491988557334,3.17600355700892,3.37743613723517,2.67500969321221,3.00322622351482,2.3770876465882,2.98680227577771,2.94956294624098,3.01545475034753,2.32831948246501,2.8095729056018,2.90826723146454,3.25349164722504,3.06474664426112,3.10038060492538,2.89429781446991,3.16587818188799,3.06296959879625,2.95425029409452,3.1116773748622,3.00958007739697,3.22643300212978,2.9826231023492,3.3275307284228,3.16232284317833,3.10137105636451,3.19422734234338,3.18643875369922,3.24185543396019,3.59998423151562,3.39221024716629,3.16568366160541,3.48456352814219,2.88162155315395,3.39507651328359,2.76094690254594,3.23144623318514,2.79032998842804,2.86895536918449,3.41356700454544,3.19764211481837,2.64136568093542,2.89341463614525,2.89458303349082,2.88862052329017,3.18188492507952,2.38297706002403,2.58017684701816,2.99263611724191,2.81202786088656,3.18475952603916,3.61545161084114,3.112348172302,3.17287150035228,3.33433943990693,2.93115542203231,3.0334212394661,3.23661507005798,2.55347847016803,3.05197411419778,3.18453262494943,3.74432258224568,3.41134217646076,2.55648582231275,3.18708835513037,3.20783820306689,3.07713017713641,3.3583526540957,3.08640334441624,3.05613435025678,3.26763167492709,2.92139253132156,2.92699757001405,3.7828802993997,3.20791783315735,3.07188963734871,3.1013945902327,2.59397278980115,2.85520038303408,2.98988559962306,3.21225493091703,2.82809128221562,3.38651989545831,3.2043770764878,2.75906206623054,3.31465592663163,2.698160680347,3.18957157099381,2.57839533649438,2.77251701544698,3.47911412667145,3.52326084045271,3.09641198539922,2.79051349708877,"Normal"
2.84732349172685,2.22191109920855,2.94421564756454,3.6072356106592,2.98815749557943,3.357950274222,2.7537713863781,3.47860946840451,3.43188099052299,2.47976086631831,2.98805930766408,2.10187190869558,2.81274258998919,2.64230879113696,2.89173996611621,2.27180811289981,2.74079375143205,2.8535985021821,3.15972605108144,3.1202673272043,2.83616248314665,2.81752912114683,3.18335629284957,2.96900862246681,3.08996756051557,3.07782064503216,2.92033903882675,3.19217522386744,2.72645414926836,3.37007637671374,3.04633214893851,3.19736690253182,3.13426366130469,3.07471778325333,3.22482440299587,3.63655502151616,3.6131544284313,3.0874730249441,3.18055845510861,2.50830187235331,2.74699417675769,2.73312435886392,3.06558954387294,2.54941781681771,2.82520558409614,3.61166814748425,3.21466882266671,2.34498752548085,2.31578647229188,2.63321728967174,2.68355723032434,3.19401138430817,2.32602241891103,2.49577445751274,2.9022704286152,2.78906147224925,3.21198872014217,3.75534695408248,3.19120098413233,3.06204916076399,3.30780590816864,2.95265785671195,3.03061682034555,3.22040270697962,2.33093981767947,3.11017445780433,3.15726850721698,3.72184290797542,3.72445382484342,2.44580879269267,2.59787199375864,3.17364875677639,2.79554047009977,3.33534890453198,3.02932212734097,3.35959566464339,2.99227355225015,2.61361887204044,2.64228799388397,3.79632779448694,3.1347138037548,2.87537314209878,2.92176192876619,2.4440043985831,2.96569564275567,2.91965090063222,3.27097887346486,2.42151955156806,3.42546199034558,3.13693945088525,2.71950765441515,3.5026870301607,2.48116200303378,2.94352567951476,2.44935535493699,2.66286857672562,3.54737579226099,3.55503080118221,2.99048658903747,2.72625576770446,"Normal"
2.77415028873458,2.16605338845092,2.84829142672789,3.66278656308934,2.94628170227837,3.12777358077367,2.70130729378255,3.57729588247209,3.44499033847335,2.61251999736561,3.00599275432255,2.35087060219202,2.65804692042736,2.65800806269469,2.80293143969175,2.30454608660797,2.79792397521754,2.81534179171436,3.20063460569068,2.91519580361313,3.19949803319116,2.85653359442018,3.03569076478111,2.90314241813463,3.23451051748386,2.99673943419524,2.86365900028299,3.38274332765895,2.94990092960195,3.44258261112828,3.03307054443171,3.05996088856869,3.1151597895926,3.02262525563386,3.1078502052144,3.68867273833914,3.55951628619578,2.9642803282078,3.24248818325046,2.37944352515964,3.1032726993812,2.60136610861455,3.0572249688801,2.41463619391148,2.84944888940099,3.51578813167213,3.03007470969542,2.70609287049934,2.36301123616126,2.58143079207082,2.74619450788686,3.07104182806979,2.31872464334416,2.42391695613095,3.02470087198962,2.74068583199889,3.05202629997844,3.80083779153235,3.02140154969897,3.05988130849525,3.33495149426441,2.95293176934537,2.99207772926174,3.24087755744087,2.22033614669048,2.98110371846482,3.07208349943346,3.61064101152219,3.67268556937083,2.36571772955687,2.76561324381051,3.07418514443456,2.94124155726694,3.39613619308749,3.01378917408638,3.09581642474882,2.79288657918992,2.64655439016293,2.67864661443272,3.79308433340271,3.06603406553441,2.7739773421568,2.85412334896923,2.52242993733171,2.69245398054608,2.70087024287818,3.0293433322184,2.37271255722833,3.3597572898093,3.146345667618,2.62462031173637,3.33302292943288,2.56635975054236,2.84567069014449,2.56724607196515,2.6479936713485,3.34325857026317,3.47203279588687,2.98658750667845,3.03630638934689,"Normal"
2.75943709994862,2.29121159621055,3.09212115802292,3.24737006988834,2.8834038092481,3.13020275094987,2.75593227617618,3.1096547522653,3.53794209074945,2.61229115636751,3.02647785097624,2.15202437303997,2.73070950789944,2.87967832345257,2.8701595216965,2.43638574356371,2.79288657918992,2.70775226468194,3.15919321164876,2.89182938277601,2.88434002963362,2.84187049680168,2.88236915583116,2.86361539325116,3.11180755397905,3.09756529034086,2.86519035663372,3.29110548296587,2.69887632164302,3.40302907156929,3.01439635920687,3.08684659400719,2.99993688071122,2.7829620510252,3.07038417539991,3.61054652551445,3.25217038487173,3.138090318972,3.37028705787239,2.53724884632534,3.27491016906367,2.63213557453555,3.05076113285256,2.60045055488235,2.79936711202836,3.52125179536981,2.99447292100603,2.41134760043219,2.49332966017981,2.6514099518487,2.81891394321381,3.14364973716423,2.33297138937295,2.54770646092603,2.74649551055663,2.75463955104299,2.87915877140863,3.7235585614721,3.01988335173116,2.98956048892995,3.38011572936805,2.96254161972233,2.94469543079475,3.24716951980003,2.24537091998158,2.93978699444985,2.97061441211282,3.61696927757525,3.38197271079438,2.43608719684189,2.78720885453306,2.97968698607163,3.0714554976717,3.34919823690503,2.94834106424703,3.07497290068073,2.97442652138913,2.69571771541905,2.74448405084711,3.82559230558626,3.20565056090103,2.86715516310751,2.83011534837035,2.48671952090748,2.73682131744816,2.73093335558039,2.97499728649402,2.55331134764133,3.38544898448431,3.16774167468758,2.61532683232912,3.33171954593747,2.67079049316929,3.06134937316691,2.45429962267361,2.65617141295054,3.33690461285062,3.50478562554484,3.0284913577197,2.62692501530455,"Normal"
2.76007613733533,2.26334695590095,2.90550109226085,3.18280510296042,2.97111861481155,3.11598872858724,2.76035722413706,2.75672443256749,3.48525936177669,2.6722872892528,3.00222004136953,2.26277589981378,2.76929569827913,2.66955293566287,2.93056893447735,2.37428833916903,2.75292838195964,2.82118160615968,3.12818780189977,2.9281409897185,2.83208390461104,2.86021991158565,3.01743914778277,2.84560044425425,2.91165323730853,3.02362263380269,2.8685939273585,3.06780046035347,2.65328706888561,3.36644671782721,3.20770391491961,2.93568980631744,3.26398236575275,3.05972386541726,3.01642143758742,3.4897099045728,3.49458201637721,3.1325110397992,3.28157066422758,2.88178402333082,3.14552095097387,2.72324399563493,3.12290293536956,2.86991482452696,2.7943742745422,3.5909612413426,3.03843618165611,2.62620781967781,2.51417276939737,2.6380019903375,2.76596748996695,3.10609701538939,2.39471716957327,2.55102129451376,2.85932754520535,2.75823067807207,3.14042202721927,3.6592966668239,2.91093792438708,3.22132804120536,3.12573374681039,2.90909719246614,2.97417685537814,3.08136349035781,2.20305703625864,2.9653336317693,3.04659408121598,3.76213616990111,3.05176013275914,2.44090171610448,2.79002756527619,3.09623486131777,3.01349620517287,3.26713874012644,3.19174266052378,2.83221963800421,3.08097652169096,2.9312178405398,2.98706614318418,3.81325787891584,3.14522256776452,2.82550072302235,2.91890902125023,2.49479191654428,2.58987611824764,2.67725790534618,2.99125788526509,2.42928387181085,3.39973165311797,3.13677871533613,2.41920986559541,3.24076309798604,2.60992276261658,2.73848251159048,2.53136898309984,2.45220004940622,3.40880830916882,3.45567309683088,2.96007794676802,2.91578666104475,"Normal"
2.80175465373219,2.36716974531782,2.85766655284026,3.46724034715236,2.92562730711346,3.02265010972956,2.747694597608,3.30210259389432,3.66188638489124,2.50870752971419,2.93006928606174,2.25620755607622,2.70277720898428,2.69773156985243,2.77852610260629,2.83020663847419,2.72017994703374,2.76949459672192,3.30694171565142,2.9057282771125,2.82395515382071,2.83845566072606,3.07955561014792,2.84215419899029,2.95279016114373,2.97510187169435,2.80213530113972,3.1590074789301,2.71253415371335,3.42761421752736,3.18045661324365,2.9069175256646,3.23225244701513,3.07649752788446,3.12514521017615,3.66608620774877,3.41064502640784,3.03337013846059,3.2340107331084,2.6796692560932,2.89557407066781,2.65626982333156,3.12058916257075,2.54225309629905,2.81414226862676,3.67838746014026,2.93080545008152,2.62199557522342,2.78220934182825,2.63869018242216,2.80076325793723,3.04925959190862,2.2537321593003,2.52822122907353,2.76747471493019,2.66902676550963,3.05382555441393,3.72618818094196,2.93036455376769,3.23125267480825,3.03403959435364,2.94162656416985,2.95918220209468,3.22509905598198,2.25398019264854,3.1654617800087,2.99545376517581,3.7409383508171,3.6144742828377,2.405785467817,2.61774044034704,3.06792949799623,3.04035767543101,3.43093019282528,3.03014535454754,3.3951423375459,3.11162229554569,2.83756587229908,2.89330007451152,3.76551353010343,3.17595407226308,2.79772895811345,2.93412015419959,2.5235393745666,2.97193710885791,2.76750225853915,3.06299894644537,2.45697695000778,3.32730364823554,3.21907866390566,2.61344442852221,3.34008224028198,2.52026382625548,2.85565688258068,2.51679681538656,2.7927637497693,3.39434127160012,3.34825083529959,2.7753034388265,2.66023954286837,"Normal"
2.82500811262094,2.25999252479721,2.97457703443131,3.46134519877821,3.07051813419842,3.23235530284679,2.84829142672789,3.33489430392099,3.31270873253368,2.63852569497853,3.0140642248898,2.19177423887875,2.84844767832581,2.87546554485471,3.04721903412559,2.28997312245466,2.76085750832367,2.8951746346447,3.13499630318879,3.0270337039146,3.0718141441801,2.93100976834517,3.24630014712012,3.01064021634809,2.91284144514327,3.21206967832409,2.92713414539254,3.22694158158834,2.85430490549544,3.42877621192469,3.11740414740899,3.04321149920347,3.18633098664098,3.28095334531969,3.23293238762396,3.54825165193588,3.34096810343704,3.28190444061892,3.44746811401088,2.41583436817417,3.1668680605341,2.95519561226478,3.23550956712237,2.35979944991835,2.92923804799713,3.4653868219729,3.19544052001027,2.70944283863913,2.51305104822782,2.83195018460249,3.08031485464918,3.20338755112618,2.4684764467493,2.53195031608224,2.88638235964547,2.75444286984844,3.28098154593108,3.44477041565035,3.11245994155846,3.18275108455249,3.14653303748752,3.0084169684092,2.95756363012514,3.29736165334226,2.36794691035854,3.08270599512189,3.15715853892533,3.79818533977961,3.50931580196783,2.67239365890898,3.10238434602512,3.17658926359236,2.88568563696426,3.35333740748367,3.17794967460689,2.77929754727739,3.37490036970135,3.11337712323292,2.88253936721299,3.78319470337615,3.12650707594631,3.0086733272169,3.07826824713921,2.57895561486097,2.90812885819894,2.75215983458842,3.2292972011662,2.71656734913192,3.42126504755575,3.28966481314797,2.66282757049026,3.37848387885155,2.70742318907972,3.0581328996663,2.66801470937262,2.63946603225259,3.60845443797458,3.49938670222364,2.94327248348342,2.64549877252771,"Normal"
3.28829063431829,3.13529352484727,3.58245965956076,2.82291162042973,3.21683508430583,3.61125501978255,3.07871912563547,2.52973600613841,3.18021948479625,3.16703511590969,3.43024646155018,3.11475013788891,3.19564051757663,3.51837147319353,3.221747186287,3.0512937868369,3.04873316011109,3.31780909690017,2.96195294366901,3.30709477228261,3.38777471992562,3.25199624518741,3.58783301074263,3.26819632026915,3.27336370494955,3.35538422296574,3.36258771221634,2.816237195384,3.21761538361153,3.21362723851195,3.34813325179646,3.26290816449458,3.37225843491348,3.55974875890486,3.49262232857445,3.36415216865035,2.9153793968835,3.49221212241846,3.77009958723197,3.44013098319103,3.76764420572386,3.29288626722535,3.5165951350548,3.30360980608081,3.28944497345357,3.39584701748086,3.44815034310997,3.18246666016324,3.34778327791901,3.10180132929505,3.37014335154352,3.47143460969199,2.98654018037478,3.009169780816,3.48111807660618,2.93871862956906,3.6133548412208,2.56119658749963,3.36731235012067,3.40018540988918,2.7077765558789,2.98041106444319,3.21149353085608,2.97140192147767,3.04562294692472,3.36463966311958,3.36936038896784,3.90780401324935,3.01962186132534,2.92609622773843,3.3979767865613,3.42843856607849,3.38969758448913,3.1008044466651,3.3215543884747,2.6118546063826,3.6141679956648,3.5001136774403,3.21378585657507,3.69104276094629,3.30764272764429,3.2087107714754,3.27796541208202,2.95896699216052,3.40966383428153,3.20466660348828,3.54423807415168,3.02165916477219,3.53909675837395,3.45094068421809,2.94474414985485,3.03675826646154,3.06684350120195,3.35451422277788,3.00516460982475,2.98622523889256,3.72726701073491,3.72012521179353,3.30732942758403,3.01066527777481,"Tumor"
3.31904993463054,3.21499979567951,3.58307373887469,2.65559683696462,3.24222901830169,3.6141679956648,3.13850322727332,2.4194822612512,3.12497819397476,3.20901659183126,3.47244877917796,3.14213075305482,3.27830002351689,3.54003967201576,3.24544850521004,3.20817542981223,3.08897433304965,3.15582045913085,2.97061441211282,3.32789426974282,3.42359564993978,3.30265391037554,3.60666726153075,3.2798025871548,3.42175920213127,3.41738942826823,3.42671158545106,2.75477635693097,3.20530179427411,3.21047926385208,3.36418299214442,3.35342774866597,3.40310271658979,3.5530409613825,3.49232750468913,3.32089764271295,2.84440172303327,3.49624502136118,3.76670116040981,3.56755761607287,3.77979550904914,3.32333691984333,3.5038066609104,3.4521829135936,3.31328358778404,3.39460331300924,3.44671014416187,3.17951741977198,3.33811344946932,3.23008001621891,3.3612153138909,3.50484917171436,2.74099230209889,2.98182343385378,3.34548437653701,3.06195069266131,3.57601414244483,2.90785591646453,3.36610815488368,3.40251072249665,2.68351456222076,3.06714649219284,3.18962375337685,3.04700434619434,3.05845157955841,3.28325062972127,3.33984715311383,3.87811714332917,3.09403840370582,2.92171433131129,3.47448796116795,3.43757265522634,3.40165230888784,3.13598953926268,3.32236083849133,2.69442558869047,3.62344550716235,3.48204799770465,3.20215752714436,3.66391384211598,3.32625257759439,3.26398236575275,3.21859365173153,2.81022097546363,3.27474173414151,3.24582268125164,3.51578813167213,3.166598160981,3.51893792953157,3.4189778841922,3.21797824188903,3.06997535242558,3.13762319689763,3.42799629127374,2.9226336363504,3.00585805603003,3.74503290895419,3.70339975311323,3.26748186453573,3.01411422849337,"Tumor"
3.39838320825087,3.04503400941147,3.6340704581335,2.63264978114419,3.21638812246403,3.66238781925968,3.24353047079416,2.3500134388098,3.01459631718727,3.01893322108845,3.58473405592066,3.16516749307723,3.20589449103101,3.65445845513358,3.30943378859354,2.75316592797185,3.16879765596755,3.3158168978159,2.92243574023315,3.43757265522634,3.3462761453877,3.38194088113908,3.60815870072063,3.32941354167938,3.36826408584292,3.56575557117501,3.50432801047892,2.84693854207721,3.23445993368925,3.12804589092299,3.41149946335367,3.2801308324026,3.42094315014233,3.67310409759017,3.63737839487229,3.24655250154493,2.7930655999554,3.7577806759565,3.77214959078454,3.45920863944578,3.83706525122652,3.49722912878761,3.42843856607849,3.37965838736399,3.35941855888887,3.36829202747732,3.4635178341287,3.26994127954688,3.29323509643272,3.2291618187485,3.38386876761061,3.43783228685029,2.98050794635415,3.02501816033655,3.47648538159739,3.05119284138169,3.75274859140713,2.98897001681783,3.40213548526578,3.43262273915376,2.73874838460109,3.14890645396182,3.25375333454363,3.04821351255939,3.07803592139432,3.45651574149353,3.42658815055057,3.95640984636306,2.99070440857647,2.99117986698193,3.41538009866899,3.57173747711591,3.36773868236966,3.12174154052078,3.39867324395369,2.7102521119608,3.8060971682782,3.57981975563067,3.23539621285115,3.60312186984,3.3063001588323,3.38415759032934,3.26484565402669,3.06487595532057,3.38179971507394,3.18782632763512,3.60491344090282,3.02914187329796,3.61554577615751,3.49488917699918,3.47794926419559,3.03144107381303,3.14220592321045,3.36819842087185,3.10357484993726,3.14122022953747,3.77660936933974,3.74825726616246,3.41005747697714,3.03722933391623,"Tumor"
3.3014808305415,3.12557671697945,3.4406160614106,2.75814964539944,3.10826516654404,3.5137054915636,3.30455776801814,2.31049427132232,2.9767210571887,3.22443547899807,3.39532882331455,3.21665352275792,3.22519779483916,3.45209064033457,3.2972780050227,3.11183258707798,3.24043340401026,3.28349956670815,2.87460420030939,3.46408009207885,3.42770538817418,3.34418794589665,3.55728754227831,3.28516692940838,3.47134355961072,3.39580726843514,3.29863925544315,2.85097739919821,3.24458874956303,3.23896565710867,3.24353047079416,3.16593605062903,3.25712228693127,3.53325185192897,3.52155333054509,3.3785143976646,2.73209332979313,3.69515867847536,3.55884312763572,3.4930196045941,3.45108447887014,3.3747181786621,3.56188819528803,3.43033880426815,3.44612519016882,3.35327247126443,3.50813704146349,3.31330680944512,3.27966592005512,3.14119570120762,3.34209814216815,3.32889963818653,3.11069230601861,3.10674361605274,3.4392787111787,2.77083115986983,3.69534801803408,2.83923805957207,3.48339015975021,3.30533874773707,2.6900482727425,3.09591935790179,3.23338039001816,3.10347414011629,3.1153562479181,3.10151729632613,3.28791845093256,3.9154444138979,2.98059568284828,3.14020931684207,3.46411931120163,3.32859235703741,3.25594329316436,3.15718279735731,3.41505418034382,2.67997320580303,3.67553368622549,3.51881206956473,3.26335747323519,3.68206759130482,3.36866639317609,2.98598124851993,3.32424608534784,3.17492089014933,3.28322247342962,3.24228390417657,3.56968551215184,3.23691809327071,3.63255905211795,3.43262273915376,3.24960613725019,2.9806669648212,3.14621530900708,3.32029403905088,2.86054770268527,3.14369871003419,3.73019430896456,3.61729848284085,3.34355279520488,3.14637010854628,"Tumor"
3.38135813595255,3.18011921070764,3.56093500981591,2.8121737108082,3.24228390417657,3.58754501652256,3.27074869369647,2.56250376498394,3.18032134340122,3.20516257687546,3.49091664368786,3.23174573663155,3.22301007172896,3.52338631292571,3.33042358922558,3.0884350597787,3.16109277218861,3.18771866418051,2.88084222496974,3.5100757818138,3.4296440814181,3.397243021837,3.6035135952611,3.35651148154032,3.43696799846015,3.4577623732402,3.35707900461605,2.90617099224544,3.24264670826945,3.19611284270205,3.38183569989249,3.22241818351787,3.42043119879771,3.58585188846333,3.53620213683578,3.37528831822652,2.94288041084648,3.71573965055802,3.77695671629376,3.53069504230878,3.72979202155997,3.39372233566497,3.47277368268779,3.44865123231561,3.38430128918329,3.38015314184382,3.46431539082476,3.24624997501642,3.24475008790256,3.02257732152584,3.29848236641607,3.30727404654391,2.97758766561731,3.09004380398589,3.40429687762847,3.05070890128684,3.63109263829112,3.13958409404237,3.47805284562105,3.44202784020475,2.82252825847058,3.11139861853114,3.34584342235272,2.95006709128078,3.05197411419778,3.36488054784682,3.32667683643131,3.928825091151,3.14012913325317,3.06071495136197,3.45352943152224,3.44262374593044,3.28826552972884,3.1929879027001,3.44377902201923,2.89950629077759,3.69960715389318,3.51393283481986,3.24695830434,3.66823261102206,3.39103629051771,3.20836274394908,3.23572552831385,3.06623043846049,3.15177440815728,3.31396411767205,3.5565029891812,3.18872057369809,3.62365619989018,3.43015946662636,3.21550310203821,2.98672037607907,3.15680108407652,3.45084305399218,3.00578261949256,3.13040046662632,3.7419954283523,3.70380946652625,3.32988421999714,3.05729949617498,"Tumor"
3.28921034246405,3.22013489923156,3.51702367206458,2.90869764121425,3.2664612418688,3.55503080118221,3.28478949825807,2.68483219965254,3.1003486435551,3.22420083921689,3.43318113780724,3.18226641718389,3.20330610425584,3.4890162147102,3.33696743450637,3.02046842047855,3.13316235603401,3.23362581179534,2.88733809816266,3.41275443221946,3.4104835759268,3.39087950738119,3.57240464739033,3.37582904730138,3.46961251537836,3.43003231076224,3.35051987741709,2.81876468363472,3.18641022790838,3.2313095160725,3.37437459555174,3.13845407771963,3.41339504824968,3.55696886903699,3.507350665725,3.32424608534784,2.81611633808876,3.63927847695342,3.75227760517523,3.47260474199434,3.7045732159951,3.30744455504809,3.50983516484108,3.39694311128794,3.39192165786016,3.33334787574164,3.50869485464805,3.26694841323876,3.31876512803357,3.19064962352659,3.40251072249665,3.45408901294878,3.02562241048027,3.19939751960629,3.46821836153495,2.96941944751272,3.58864868230145,3.08453544553299,3.51393283481986,3.43020229555212,2.74292889553643,3.12872396736338,3.23861721068326,2.98706614318418,3.13550203609124,3.37991202220012,3.32642085789251,3.90378064270151,3.29525723211631,3.05562083254245,3.35124527437875,3.42737285564784,3.35931875162364,3.13982308553201,3.38007831592205,2.69108073903927,3.64324435735975,3.51225217454896,3.21329439490813,3.6675402054722,3.33585622976491,3.23147081016858,3.32648557585788,3.08160039351202,3.20991027667008,3.2238210123774,3.57753759256713,3.16450794371116,3.65693105852254,3.42852164500516,2.99025058075268,2.90088032941066,3.13997529919842,3.45223563852057,3.00121135513639,3.12120277332149,3.74698987864759,3.67604168737974,3.320769145389,3.04161797812101,"Tumor"
3.19368817503411,2.89273490010947,3.39996264954897,2.9179014380006,3.11398547662224,3.43570992669245,3.11446197981476,2.4524452010546,3.28252728334845,2.95930834471834,3.14830614343156,2.77719665262143,3.09361594937707,3.09411612182924,3.24571013443621,2.51718497066898,2.94925290292622,3.13640633052265,2.98639819214809,3.42320837416402,3.21191242846692,3.04474207292591,3.54832564388589,3.28098154593108,3.15492825587915,3.45382702419598,3.27579077837688,2.95236525312209,3.08834685754866,3.3423897590872,3.33492575889042,3.18602665972178,3.36508778856298,3.5994725299174,3.5421218232029,3.3812861415895,2.90860926397429,3.25476333511655,3.33321618826057,3.29454282287662,3.61862629843364,3.10342042533705,3.39224734731778,3.1461256806289,3.15521006388776,3.40023050442203,3.55311470811523,3.02675049350927,3.133806803845,2.76337545352343,3.22393682383975,3.47969620539866,2.49546492695995,2.49555702563477,3.36835349716816,2.89997604613227,3.45660510394671,3.4069597297819,3.5419112659359,3.39783854972627,2.78891326684793,2.94603647793745,3.18487058349411,3.22061784597894,3.15734774387823,3.33001334269188,3.31033430328171,3.81201553486538,3.60439162335815,2.73457740098792,3.32001814563807,3.339271383967,3.20589449103101,3.24571013443621,3.16144594051888,2.62609097880274,3.42143202879824,2.81402944164367,3.03633276738725,3.73979410861108,3.27648475479622,3.19425256161173,3.20801307121899,2.65096440907755,3.21133154526848,2.99156084649896,3.54094478549309,2.66857301647589,3.42994530292372,3.37579708181016,2.94545788283326,3.13822796820363,2.9044937318929,3.51196133538134,2.65260351195704,3.07437527281971,3.73305058336649,3.77009958723197,3.3855470003639,2.91286251741727,"Tumor"
3.25147218508344,2.87239933383026,3.39037465995708,2.76803819486957,3.21078003489224,3.49160942058957,3.23448599222918,2.36960607003184,3.22365268314331,3.15276589708869,3.3923916166159,3.17492089014933,3.14405452963345,3.40962853693079,3.28975185450735,2.99491094490201,3.0801152717747,3.04931013319925,2.75360453628,3.47964447457624,3.35838360174571,3.21075510288902,3.53442272914821,3.20591950717406,3.52267097361323,3.46733165655231,3.26657068238002,2.87774817564445,3.17828280365696,3.19651891866961,3.26689445774215,3.18622479651851,3.32116903764629,3.52879633174487,3.48578745585376,3.27858103715906,2.69188697907598,3.59181104369016,3.68922087263437,3.44617416600283,3.58937999547796,3.14530409935897,3.40324999535371,3.38183569989249,3.3065728553408,3.30169591782737,3.45905909291681,3.1392599190306,3.07837585594568,2.99704124662601,3.09108539445521,3.23094845916756,2.85394975158339,2.91409183907111,3.28187774134917,2.96828248407645,3.51477874222661,3.40298679217373,3.47413747897383,3.31725196366753,2.72147109626535,3.10115923427371,3.25918057351186,2.93360662805792,2.90726180137261,3.29829026409329,3.33132256784795,3.90780401324935,3.18040091543278,3.00108521975553,3.38787671262777,3.27304436318902,3.21778286800326,3.2538864289569,3.35910224452623,2.62396984095115,3.57828663661138,3.28392769712108,3.15850992044641,3.63633460244218,3.37162716249957,3.1489552487181,3.27222927363263,2.7123712703868,3.15799602735692,3.13234981008015,3.56011574482485,3.06935330704934,3.54811599017069,3.40091221667283,2.89578537800713,2.94808123421363,2.93273019078418,3.3930015102131,2.95892060650392,2.99898073665762,3.77185389379611,3.64264381667236,3.23881284009015,2.99660567676017,"Tumor"
3.30777677014293,3.14637010854628,3.48977411824707,2.64066257033197,3.21792397401913,3.50063636301707,3.21277631261242,2.32521657424117,3.14429278177461,3.15596128290394,3.4507480560792,3.14871939210608,3.13118117875714,3.48221583626093,3.33331924905086,2.75507557459101,3.16768708929863,3.15788934735842,2.88538498601687,3.4565591092577,3.4274922007351,3.29897643579734,3.51477874222661,3.25303168859165,3.49278894151482,3.42948340422877,3.3744761488759,2.86715516310751,3.24016165511367,3.20519229857159,3.30188171572111,3.18677468169007,3.3448086172044,3.56204699832396,3.52172919696387,3.33968328182472,2.8478866964743,3.67889445759445,3.70160450149798,3.41882545749932,3.66823261102206,3.25141310278515,3.47434518240384,3.33814483433098,3.34993844815172,3.36970237676101,3.42790782004033,3.26376608743328,3.18185789889591,3.01936922013828,3.19770344068915,3.27846655672705,2.88896334962973,3.03052148014074,3.39030173823517,2.83098338497162,3.59713782084152,3.25366863170543,3.41730840658537,3.35941855888887,2.84463070152311,3.06513281891136,3.32530005762347,2.98897001681783,2.9508920153117,3.34171539442577,3.23216800764255,3.90731372409803,3.01488727795392,3.08637446902873,3.38544898448431,3.4185880174729,3.20947987978065,3.2171934849005,3.35641429018874,2.67824096103232,3.69431191527708,3.41327317704751,3.22037329699797,3.6689813970277,3.38076130489717,3.16407666061822,3.21314972398099,2.88797555526765,3.21534156604484,3.23875476537859,3.54731409195601,3.00131045377112,3.65729700999104,3.39397762744847,3.17424980378865,3.11142365872671,3.07861837334913,3.36545038819816,2.95315533294682,3.0324641167157,3.76320971052649,3.68079692523967,3.32785978754229,3.00859624509206,"Tumor"
3.42257613826432,3.26458897356608,3.5648902770864,2.85027736665452,3.24278235527281,3.55861050893763,3.28344474498852,2.47577492811458,3.03406601387197,3.18146993787952,3.23553867016051,3.20752120050701,3.15330597992412,3.33090254070135,3.35842017538531,3.1535135255496,3.16524147248986,3.12727999077598,2.91580769034457,3.44133208427305,3.38544898448431,3.45683636930189,3.6496039634396,3.16745588122243,3.5687617827979,3.4327937550023,3.36648168881045,2.94387820441983,3.11472515536351,3.22272420304242,3.43813979001928,3.17518604299665,3.43744082436354,3.61512198382402,3.62865696194713,3.37510756666037,2.91587842301266,3.69567095170673,3.656782364219,3.54744982914397,3.65584409292745,3.33532174688358,3.39931193774008,3.50131174924366,3.48541394590701,3.35113783117429,3.52155333054509,3.30852397451945,3.21856575469893,3.1169735147523,3.04194207827527,3.37650988302544,2.95892060650392,3.25558230731564,3.3782286053142,2.76275063051957,3.65247502214856,3.18910342641915,3.40830018591725,3.51893792953157,2.78032269894504,3.27880848430926,3.08415102803688,2.98255191696377,3.02272999499439,3.13854909867945,3.33353679765601,3.94258957044538,3.11172911412287,3.09272162798945,3.36908674035273,3.38454305783855,3.29946154403832,3.09335058480802,3.47399466551772,2.66564744882096,3.73931887347843,3.44437155440172,3.27288914353521,3.61436826771326,3.45935292403429,3.08800926458512,3.30744455504809,2.98495749593054,3.1637257456721,3.28473768627519,3.59928208298297,3.18376121174229,3.64598979995288,3.46991201746617,3.21688939314969,3.07267521812188,3.14632122627566,3.39132505696481,2.83708544092159,2.89701771049272,3.77094530248705,3.67520621289558,3.39776874193481,3.07286383103689,"Tumor"
3.24267566768925,3.16480397389281,3.56986775729067,2.965937548442,3.08373247483124,3.58996717539349,3.17600355700892,2.69116562763225,3.1567509362674,3.11824508994106,3.31411062901744,3.12490542839474,3.23055657176566,3.35657627213735,3.20621810388992,2.89349424141502,3.10800582970027,3.2001402124975,3.0035572641887,3.2014237141961,3.34280929952937,3.22399241003967,3.5713248902129,3.2886464818065,3.26119981490928,3.37493096441348,3.3546482116017,2.85611523022747,3.21743081810669,3.17329216641372,3.38609355836741,3.3031304757825,3.43305959095316,3.58350704930813,3.43579392116391,3.31929999761833,2.78657963489481,3.59742390666471,3.73909200151134,3.56763062449235,3.76160441837805,3.23618031955481,3.40630536332233,3.49522186055776,3.29867297702498,3.34801282502254,3.43813979001928,3.18993996986691,3.27917410848905,3.16147818902661,3.37615144222452,3.40328272192621,2.9418969466217,2.86619387010081,3.24245769567279,3.07864228130803,3.56110614076779,3.23271754260515,3.40756213748682,3.44567506411213,2.61897156525104,3.07871912563547,3.08071052708859,3.02929562080588,2.93129349571636,3.18468336741443,3.27667531650318,3.87335059577612,3.30712683923361,2.79345062748977,3.39375665170475,3.39426443368138,3.40614206554453,3.15433854839412,3.37073761695121,2.65972594588909,3.70813204387698,3.45614509105707,3.20074130960947,3.63097619237431,3.29618279195139,3.06813937457505,3.22552019186029,3.01383561491445,3.20113667297746,3.25599916992971,3.47648538159739,3.25611393703847,3.50633535358042,3.35647908515063,3.13061956984741,3.08302440112516,3.19201421179076,3.32606413789694,2.93152232847584,2.92524560332387,3.70664105730941,3.67855647908921,3.23548199528152,2.91453199552022,"Tumor"
3.21977568015191,3.09288565659995,3.48884916547239,2.80393580843289,3.17138939494538,3.57427108444171,3.12565606050396,2.3973977458218,3.16324913733254,3.06824602146469,3.42546199034558,3.02597669168089,3.23216800764255,3.49044177108486,3.30777677014293,2.98035987892025,3.03777754710924,3.06684350120195,2.90211796924447,3.24095996262582,3.35333740748367,3.15215583069712,3.55172517786576,3.23761419340622,3.3546482116017,3.44689008230062,3.38681784270354,2.85839682934958,3.25108734923572,3.24805659090965,3.25591912956852,3.19709006464241,3.29818027033179,3.53303999603163,3.49579747779314,3.31052917108322,2.9293895621506,3.57338664580903,3.77786153075062,3.39924220120688,3.70106105295774,3.18138088292455,3.36346267113649,3.33308878349676,3.26847781151602,3.38581340424694,3.40557037772011,3.08790746226017,3.34300551724818,2.99773860747653,3.23290630100683,3.36963119414621,2.94576687025562,2.88526978496086,3.35644809661889,2.90550109226085,3.49049311619985,3.00277631823863,3.32239256791438,3.3024345789214,2.73241682665501,2.97606480009412,3.12557671697945,3.01795752965727,2.99065358695881,3.34897595786294,3.28639326882499,3.85364640486368,3.2106242028028,2.90956959587747,3.35241108404904,3.37007637671374,3.37176653999312,3.16285452819051,3.27849629277754,2.60236660795698,3.68832585191385,3.34890799310289,3.12609071946019,3.66065485203523,3.26362488826003,3.23338039001816,3.17408997530077,3.04018230269518,3.26395833642943,3.13754286944179,3.41252682993025,2.90737141382356,3.56102057782927,3.38079454560143,2.96178259006536,3.03744548130005,3.01317279845204,3.51506901403224,2.85946073959596,2.99983408052975,3.72790956625765,3.6550311940872,3.25484646234939,2.94562455699696,"Tumor"
3.25289246167452,2.89240074099881,3.45683636930189,3.17630362169423,3.15694989957057,3.51635560303626,3.17836567549103,2.91682628841302,3.15700327530089,3.00172479250671,3.35528413620031,3.02628661637991,3.19044103105803,3.38887558426036,3.31190122576501,2.55880150388713,3.00996697512305,3.07371228413726,2.90593232792128,3.25786149694958,3.3999216469653,3.29460457591389,3.58245965956076,3.28923838213703,3.40922934524386,3.46010034950789,3.31747918423837,2.81680242729376,3.20976682530642,3.26748186453573,3.34874373171306,3.16885059516657,3.37349509519766,3.52616899534465,3.43495375630907,3.26742043777841,2.79373152869116,3.57905943566079,3.70646424561228,3.45633699997977,3.65914821614934,3.20940033586365,3.3481601693478,3.44170788725933,3.27661874612346,3.35660866634476,3.40830018591725,3.13645883111834,3.31292070077404,3.12645421194129,3.29539830815856,3.40880830916882,2.75685677209057,2.78584763890871,3.19671089929281,2.91878883521516,3.47015938534625,3.33293416485119,3.35558296623948,3.42106976271508,2.73697713568037,2.9652357254386,3.0866139474095,2.99953645975798,2.92715500993688,3.25512603698663,3.25340087753028,3.90286467336734,3.46656186777252,2.88626528691668,3.27220388799261,3.38948558904946,3.36817047742444,3.11923663924179,3.30219620093038,2.59160761546218,3.70399767422489,3.4936729497819,3.12625265014991,3.61707510174606,3.32513308602772,3.2219250154857,3.22357391684838,2.88100478293,3.21403929826371,3.0717300675928,3.47578530221513,3.2103950990691,3.50281430469616,3.34771383981008,3.38591691580075,3.06545167987476,3.04095904200285,3.45470759154351,2.85267007364257,2.85571667531511,3.7306290881166,3.68550290187773,3.20147860628454,2.89533752482337,"Tumor"
3.25101006666917,2.65832803637557,3.51107581175859,2.60215991080459,3.15980999571317,3.59085348416184,3.14037457916047,2.3972005725334,3.20251489059238,2.98255191696377,3.51132887397535,2.97878137676273,3.09832691021384,3.58049525937868,3.27141969971336,2.79127647596379,3.05463839419145,3.06801035570356,3.06935330704934,3.35454948420118,3.28800707473364,3.30940613870006,3.589859343936,3.29154462320587,3.39838320825087,3.51513210887124,3.42163130369433,2.9562258245149,3.16826976194331,3.27468359716976,3.3698768291022,3.26611787460421,3.38371949684466,3.62924003395155,3.6520619416686,3.30641974332609,2.98998184739232,3.62757182083476,3.7346337582104,3.3448426966819,3.714311467932,3.34666619426278,3.22570680984312,3.35663683462953,3.25765787484449,3.43504579822739,3.35379046801704,3.14680020112486,3.08632181242246,3.07689253873458,3.37768738702704,3.3206189767104,2.90923739335962,2.9117203396264,3.24565385773585,2.80327250748181,3.55012494600501,3.12095736033821,3.27103715991646,3.4190965770122,2.69833184425876,3.10736314270463,3.16931413123168,3.07664973101987,2.88496318818249,3.34270975859975,3.28021102577145,3.91712618867569,3.07786677838551,2.86728565968641,3.33284396298809,3.44083130415351,3.20158838419617,3.12538660536581,3.30718368344057,2.73723463170436,3.72747396663753,3.51495543636791,3.19152317185935,3.66476725535641,3.31031248808364,3.26299382946516,3.1123198115611,2.92607534787604,3.36991171703918,2.99969339472585,3.42638419148701,2.81453196669077,3.45281416800793,3.4141747802519,3.45442728985106,3.04028051405363,2.98595575460751,3.33666329514703,2.96598924821323,3.03840984204661,3.73721083147858,3.67604168737974,3.28139855378147,2.88940929152369,"Tumor"
3.36657960305402,3.23883882012532,3.57609882078016,2.7948691393083,3.28549099736392,3.61749832082252,3.26398236575275,2.35501062427482,3.2436706040816,3.19826154353052,3.4130876422298,3.13084687486186,3.21193266950865,3.45895151477471,3.37060232451837,3.2203485302326,3.3014808305415,3.16166360395842,3.05210283570895,3.44562739548274,3.35160854278903,3.22026029517548,3.59506200028067,3.35393299035264,3.44706999799963,3.39984647253515,3.34617826202765,2.89022487220957,3.11582064893627,3.23781148817332,3.38179971507394,3.27992290290678,3.4275726525263,3.6641869892822,3.6110425080329,3.38627707812545,3.04831117873121,3.36326641241702,3.73835712357566,3.47479942943267,3.75330501333656,3.21608541341118,3.5279836197478,3.45447861676921,3.39566471112646,3.41778231889316,3.51775441213008,3.19698466352922,3.29081952787057,3.10989206869532,3.2746537824293,3.43558325911486,2.91996355811609,3.08608058662593,3.5231855517306,2.93755720222353,3.6501211758497,2.86393250523985,3.51290950792398,3.4578687271249,2.71991500917125,3.08528867481699,3.32862107767448,2.99015798234192,3.23671914581203,3.34339929402606,3.43296608640435,3.87294692766793,3.2039747722603,3.06681595341078,3.6018747626819,3.46588306916313,3.19207577735372,3.17206501410851,3.34519622376614,2.78657963489481,3.36374159294949,3.41529355492434,3.28618919777957,3.71871232418483,3.352987281959,3.1190008551067,3.20974031642779,3.10542498070521,3.11401047195952,3.34127418369217,3.49064714058158,3.12303707339553,3.60006751460097,3.42671158545106,2.92788507895304,3.06403608871954,3.08769025995484,3.2303321490866,2.92509175384022,3.04612955536375,3.74723699918068,3.71594826657474,3.3871612333324,3.0448749375735,"Tumor"
3.1017744409961,3.03362562538979,3.45795931869491,3.10113401528641,3.0714554976717,3.46388398047101,3.01056502945574,2.71941784568913,3.25138886319358,2.85164511366641,3.28490791866071,2.91469271483796,3.12321093746157,3.29013978856566,3.10594621190532,2.91636198862027,2.97510187169435,2.94868120262177,3.22648849223841,3.15549829329318,3.20074130960947,2.96254161972233,3.43500177891213,3.07720710204528,3.24938920990293,3.25672386161549,3.26594990975941,2.88638235964547,3.0476605275854,3.35657627213735,3.25772122702362,3.14205067618936,3.31429773573429,3.36467467793281,3.3346612298262,3.56142390154728,3.26039004856088,3.34910055160787,3.56259656620065,3.3488768415178,3.68079692523967,2.97227908341431,3.34245092003602,3.24373152735256,3.16890674067921,3.51996956730501,3.19516803776564,3.01367485183251,3.09587211080899,2.80853126929596,3.18787699001023,3.23861721068326,2.51036953339412,2.67271498342844,3.27830002351689,2.86446549271589,3.45457073742698,3.49831470217932,3.16417161833739,3.32196127649172,3.10871847576008,3.04803385929895,3.01637329690784,3.20591950717406,2.67988990743783,3.18754765276637,3.2715362346497,3.81368885577965,3.29765951937327,2.70671398582203,3.36936038896784,3.27557626319467,3.18921889510644,3.35771667358085,3.15196107434008,3.02376455329746,3.53442272914821,3.23479559297898,3.10545515356219,3.79119936255097,3.22757782399578,3.02002563952216,3.09170152644672,2.62804098198766,3.07007671009772,3.06117480534268,3.31496474050398,2.75038783314658,3.50557340028202,3.32448804871327,3.13446903568372,3.23634260091182,2.94237937830497,2.97211546054152,2.60805458678019,2.81647478359992,3.63573117797691,3.57660678644539,3.17694663525621,2.83094283414403,"Tumor"
3.31279584653895,3.42122868617439,3.65126987333295,2.77909579232211,3.28104536633199,3.63300101151932,3.21304237811121,2.30283373728941,3.17878792917795,3.07963752541184,3.35134846887046,3.23470670451364,3.34316616840806,3.40557037772011,3.18863196520266,3.32714984578215,3.23623543602498,3.04221356560312,2.92225875244234,3.33398610342023,3.3601268514949,3.16779786337196,3.57601414244483,3.16552288124433,3.37190729759515,3.30527161468898,3.3215211975106,2.90515061834882,3.14533834125469,3.21517069098273,3.33375860620635,3.34749558399307,3.36488054784682,3.45069527675781,3.43692670207984,3.44165743177034,2.994500075114,3.38022380720665,3.67968276632907,3.54590660857784,3.81003172801094,3.1525777126326,3.47719807637006,3.44262374593044,3.46699247821741,3.3954110887851,3.42068315545199,3.30340523336064,3.26736649993254,2.97792097884967,3.16512085193256,3.37387228838616,2.75865709082264,2.94566949954263,3.40382805553475,3.07330268928197,3.60388148288421,2.93334790778763,3.38307939245385,3.38551110799767,2.70737901214352,3.1323810703113,3.16745588122243,3.07211094682692,3.06577391637883,3.26566792480072,3.27380529483818,3.85621883647222,2.87117536039123,2.93031723929108,3.55240166507277,3.31247059407712,3.31088393740443,3.18685865146733,3.37222917673429,2.71493345045831,3.52942118343074,3.30251646656492,3.37166061432606,3.67396339653176,3.43770047971111,3.10352617440159,3.05717123751171,3.06989116860674,3.14780813541215,3.28624983059707,3.48084673667266,3.09347397695289,3.60906937734359,3.41870539327918,3.23392639658671,3.05518003306111,3.28884725327322,3.16985767410275,2.75076941513668,2.81206689259224,3.76764420572386,3.69104276094629,3.26484565402669,2.96847234741917,"Tumor"
3.24416248601985,3.30343153719263,3.53681135943431,2.7415748474188,3.20862806401844,3.58145971640238,3.26237301902733,2.25655479944598,3.27878321417438,3.25975757289527,3.23426984539432,3.15647590115862,3.22919105011862,3.2803758536988,3.23432963392895,3.19572554751206,3.26027411544416,2.98521623511002,2.96339643830421,3.26838947709135,3.38595279807256,3.1511119540897,3.54108112323906,3.18717230665328,3.45036800186113,3.27798772192565,3.29835332340109,2.99478244754365,3.12727999077598,3.19484666308607,3.30709477228261,3.21831310700711,3.36776942933307,3.43335342294499,3.28647902920026,3.42674915049857,3.05735495584939,3.33905184710475,3.53017064839464,3.49064714058158,3.71634345631928,3.26888497825659,3.55559531749085,3.41245501937575,3.41280049021906,3.42295013254591,3.27501897055011,3.18111368507168,3.35262012361563,3.0080942142292,3.2829586667422,3.21925527320658,2.91226471162649,2.87372462636764,3.35663683462953,2.9122167998002,3.49745908310218,3.33924144908924,3.21737187624867,3.40206452034318,2.74836891474269,3.0801886259547,3.15769859679025,2.95431358276564,2.70714927026643,3.18791023622707,3.20190355720649,3.82640611740772,3.01347297948221,3.01172104232878,3.5552026338783,3.33007933427328,3.2771843501258,3.18968542103261,3.37772208659803,2.95728130777979,3.46368784220126,3.42935886709741,3.34345899086968,3.70417478845644,3.36339678725762,3.15012582804205,3.14223206843348,2.89727721867043,3.13429159393797,3.25394389774886,3.26791028088483,3.0622616216684,3.65559225775083,3.31157577152755,3.01252040408825,3.06055241151427,3.03900148934181,3.02859920803038,2.97796858874006,2.91574460152549,3.7093016654598,3.61176256006487,3.25402707220925,3.04413003827978,"Tumor"
3.23203903615301,3.02002563952216,3.53858782525494,2.76457333660265,3.18744313581108,3.53325185192897,3.11345547353984,2.40264578401154,3.25460613598364,3.2992490544626,3.35485128672624,2.96278960626858,3.19440859603247,3.40526810832798,3.19688082803752,3.01227366852104,3.10755564410416,3.09819213951683,2.98595575460751,3.32327926721525,3.47103134427153,3.20479960992884,3.50918909972906,3.28148312785957,3.40880830916882,3.28690036388512,3.22598746251221,2.99015798234192,3.21100596152803,3.26643125671821,3.31085486147985,3.25646573194251,3.34371054328801,3.39660889093042,3.41385265040871,3.42004307251279,3.03943673064565,3.38303929006923,3.75534695408248,3.46528232712602,3.76036999950872,3.1390650515229,3.38461074580221,3.39536995663619,3.21182990435769,3.44096016869845,3.40251072249665,2.9752137878092,3.34903967191774,3.08133280940633,3.07497290068073,3.39224734731778,2.7415511186868,2.81592171608105,3.25677518014007,2.97476056567293,3.55721400854701,3.14235951961099,3.41964135967207,3.34274246566278,2.80838505065609,3.06558954387294,3.19220047903338,3.02044708475376,2.91940110724693,3.21263470219395,3.33663616223002,3.86371053416678,3.13287949722449,2.76570446520805,3.41064502640784,3.33741281870179,3.54141571581909,3.19914777585461,3.15868763960434,2.97554398148454,3.47990311014117,3.25526807037162,3.10471909106367,3.73695116714366,3.25276230262237,3.20071620351504,3.21017843009451,2.93663228598236,3.02441897632177,3.11910214737904,3.43967499386624,3.13089463730424,3.50717303767246,3.41987727841973,3.22365268314331,3.06482250815459,3.07073793707103,3.49848065905585,3.04695546968051,3.12642612715072,3.670432481271,3.6641869892822,3.19986704645687,3.08910657684558,"Tumor"
3.2152002072122,3.12150450774055,3.49239160196348,2.89990646239725,3.18700756697703,3.60370348445819,3.20825660225752,2.46497402322387,3.2299954495968,3.23625840059944,3.32533316176502,3.04224333852395,3.18985617924672,3.38015314184382,3.26660066463294,2.99518057116669,3.17377985752967,3.28656478447785,3.05557051185276,3.37751110031653,3.38379551629426,3.2493042504448,3.5624500352352,3.32089764271295,3.36157467724015,3.40273308977741,3.27187682127,2.94327248348342,3.22157861489711,3.28815181523526,3.3708324535668,3.27645199946778,3.37579708181016,3.55552169745456,3.53245411483066,3.41217722791503,3.11371716606292,3.44925233406532,3.78774587811908,3.46055910316454,3.71152794508952,3.28584901521054,3.45964144992861,3.39969337794814,3.26108093716468,3.41322848836045,3.49328866491697,3.06704320695832,3.38072529326991,3.23598127032419,3.34355279520488,3.42716766629694,2.9651230325689,2.79723299799954,3.37954888094863,2.93976631179565,3.51352864425953,3.15233595692309,3.4830934429685,3.39003065725414,2.78229113148192,3.09889617748649,3.16822482587189,3.05274974829662,3.02290217707828,3.28024518085274,3.31986500924792,3.83235333304124,3.36273497801862,2.80853126929596,3.46519088792598,3.34222475382711,3.44540492105103,3.20530179427411,3.23715985402233,2.75479773167915,3.51249238877663,3.17064616868597,3.20982763795228,3.71095517167807,3.27992290290678,3.14223206843348,3.22264074960942,3.09886755106469,3.19659760234245,3.20789129028222,3.43770047971111,3.31976820710701,3.53871197183927,3.47684825202154,2.91574460152549,3.01099640574825,3.03671255770162,3.52259565410113,2.97523947225002,3.02827209616683,3.68177532477327,3.68033561027158,3.31731564692734,3.14488824004618,"Tumor"
3.27294735286245,3.29823160179743,3.55473618322246,2.76077023719203,3.2683310835701,3.57361689436603,3.22357391684838,2.25012481026478,3.2228771884662,3.2240433621749,3.49716524608381,3.18499908216594,3.30449351909171,3.56907786203424,3.27518737310987,3.15837904052383,3.18625174102094,3.08996756051557,2.84829142672789,3.33987992513813,3.48386735873466,3.32603248912153,3.5392580899314,3.33569333350164,3.46781419597251,3.45362292963933,3.46024454494808,2.90139211892725,3.34090118421931,3.26237301902733,3.37401423223777,3.29070011747348,3.41626011596654,3.53851333217616,3.43865081912652,3.38511347127886,2.94541106078359,3.5440896665488,3.77816651470503,3.51316224872573,3.74547399646728,3.23384972274311,3.44920874609722,3.44778811434206,3.41650199286742,3.37141388886992,3.43843791232986,3.19187844254636,3.40225284267019,3.22078652966049,3.2834165924851,3.5231855517306,2.97286907471242,3.11833148314357,3.36074351360898,3.06813937457505,3.47740533966745,2.88843544112221,3.41056226833425,3.40998147158249,2.76031038013976,3.09194012227267,3.11345547353984,3.02301044600921,3.06220980482056,3.3448086172044,3.31624713296025,3.88143948651821,3.08884038146314,3.02048975588782,3.5408084348617,3.43890626581521,3.48495014381631,3.14215689964014,3.29715472497413,2.79177032090155,3.68452702788435,3.41260134653793,3.29274641748809,3.68159543901269,3.34851713358567,3.30200459252075,3.24949236823342,3.25928303411683,3.22724818378073,3.24615570755733,3.47895886600594,3.40421784272011,3.6148982654484,3.41991771776026,3.38848713981974,3.00985772285225,3.17613763617709,3.41300773302296,2.99493628105847,3.00227585876213,3.76701910973141,3.6830563620006,3.29145916343349,3.13015002219293,"Tumor"
3.39617045175978,3.36005941003611,3.58629637681135,2.8599556378712,3.26666062726958,3.61808591920836,3.28134365216468,2.46704727396431,3.2106771876018,3.11436036121818,3.49132721830451,3.16218263903038,3.21228450686001,3.57156760268071,3.37528831822652,3.21694214835474,3.20230173708359,3.14039748531472,2.95846966020421,3.37301336937306,3.40280674990801,3.34952946823576,3.62551598384989,3.37203410704116,3.41517454879798,3.46357014643869,3.39860621258051,2.94211096346403,3.2956128348656,3.23216800764255,3.38004228724222,3.31402649560823,3.40779188363948,3.57427108444171,3.55597562784206,3.38155333336042,3.02311338270357,3.52623160661016,3.79925312356064,3.43209219383121,3.73721083147858,3.3058202628169,3.45022545571345,3.44013098319103,3.4073649888406,3.39423561840675,3.47065399389994,3.2359521762132,3.29126317621879,3.15328003462145,3.29738953503771,3.44684377683597,2.69696863867341,3.08785655840372,3.434746974064,2.8789665877803,3.63927847695342,2.84374069528668,3.42192747227542,3.44644151827105,2.72353453455674,3.12614359678593,3.16254520802118,2.9768969859986,2.89467809396862,3.43805060753647,3.37496573034426,3.8890061971947,3.07007671009772,2.97911075501579,3.56850643746617,3.46337396549482,3.33785663858865,3.16053623568546,3.35171029808328,2.71938060628501,3.68291033625599,3.40649721459569,3.38422805982504,3.68322483488033,3.41814676091835,3.15777942638144,3.20366631522514,3.03193681105646,3.35859459075824,3.28389955404042,3.47153865989197,3.15438878012608,3.55928377602053,3.40830018591725,3.32947956070188,3.08592767615075,3.1728171087129,3.26493570652419,2.80610541941656,3.04674598014969,3.78629315498617,3.68470654850687,3.45330553816456,2.99503762123511,"Tumor"
3.20412975876846,3.18447867118709,3.5107087926795,3.01527453959241,3.16991378043725,3.53607777407821,3.19377805024646,2.56627449862596,3.20838927815185,3.09557509364742,3.39838320825087,2.92319292665934,3.1936314088572,3.50415000985674,3.23174573663155,3.01076372916533,3.06273824936649,2.99863600859887,3.02690095595943,3.27159748641895,3.40280674990801,3.1971168069837,3.50669079411531,3.23378991431616,3.32343204164304,3.29948938518095,3.30958658108099,3.0069281115009,3.29463251094338,3.2731309207427,3.36696280347699,3.24038455404982,3.37496573034426,3.42059692925028,3.36991171703918,3.41846118690232,2.98867196373618,3.31381614061724,3.69747359745868,3.37007637671374,3.71908484747464,3.01347297948221,3.39448807553012,3.28800707473364,3.2774373117229,3.3967595736272,3.34339929402606,3.01005293830686,3.29747757895961,3.02233585143043,3.20469007610413,3.39924220120688,2.803043070754,2.88538498601687,3.11866703843252,2.95330808148515,3.38032494964455,3.20366631522514,3.3111252449647,3.4144603058161,2.67519717809491,3.05779162629922,3.07316041783455,3.04600204654452,2.94841395779287,3.19839514175838,3.37032054078602,3.83235333304124,3.2299954495968,2.83727117286054,3.4107684763505,3.36932548769568,3.41200375050758,3.15411329428441,3.22798745873459,2.77198696494101,3.4732154340704,3.35454948420118,3.21565374911661,3.7679725374834,3.38022380720665,3.18146993787952,3.14851929040372,2.75717689815181,3.05575616913735,3.07683782506985,3.42894500521915,3.05406702258947,3.53516960103138,3.35318494390934,3.39493799825592,3.13213426057613,3.02115455136709,3.24076309798604,2.86442389111335,2.89443364008376,3.69856299445306,3.67505939037359,3.25369888328996,3.02906410969844,"Tumor"
3.30206748968991,3.33770253011451,3.55680950601585,2.79992863281807,3.20372112205434,3.59559913682989,3.21702438056251,2.42757935663972,3.05144867216405,3.2589635740892,3.46328240525737,3.13674590996244,3.27256223214443,3.53681135943431,3.3659374442633,3.16890674067921,2.99276299346581,3.23705734016986,2.90512365529026,3.27128373038931,3.46402779825662,3.30885594117364,3.56158275569523,3.28743240029657,3.56044595235571,3.44993239994931,3.4296440814181,2.86097074109869,3.28826552972884,3.21088910734058,3.36714038375559,3.26479312080721,3.3952492955671,3.53436047236816,3.49915705497576,3.37637374158217,2.92485050001185,3.54744982914397,3.71233164733738,3.51691024818458,3.74476388695329,3.29353675832278,3.47021145739054,3.43376602230357,3.34561352978851,3.3540896075726,3.35481039195117,3.21901978933396,3.29750839306293,3.26325079386123,3.14434010114659,3.47990311014117,3.10864154032019,3.06036564099479,3.35520941901802,3.09085512375416,3.49499154934227,3.14267319762597,3.3450145017881,3.43115223542564,2.65543655583331,3.1127618420845,3.13444274939475,2.9678528951731,2.96812209460025,3.29189230387602,3.39580726843514,3.88615991333741,3.06445522084995,2.88331191354767,3.49705025008809,3.46213086629739,3.42463190807164,3.13269034556855,3.34714829076582,2.64039881548663,3.6819102243759,3.42068315545199,3.25545239072452,3.67238008024061,3.34919823690503,3.3058829938577,3.22771181507509,3.02373971839365,3.23556624091827,3.24347715564305,3.48884916547239,3.13313604592598,3.60646591751086,3.42703890513574,3.05435186833039,3.04292094416241,3.16229544803658,3.31166585995967,3.07049409122741,2.98738635879509,3.74432258224568,3.67310409759017,3.29142674633344,3.05520606826884,"Tumor"
3.35103320773339,3.20295363691265,3.50238152545689,2.81960483430639,3.22618789528333,3.64189278910383,3.27043624811534,2.3670886500253,3.1256312661213,3.0939336465669,3.5236372251391,2.95784775407097,3.24598540233865,3.60815870072063,3.44836710806869,3.02163607012553,3.17546871254036,3.28148312785957,2.95062517973796,3.416296602789,3.27051997222823,3.19511763078505,3.62206353672892,3.34017483986171,3.33194163403746,3.56020136144218,3.39368252803621,2.92818079398022,3.19809963733264,3.18965695936519,3.3993447537658,3.31673950058117,3.41412741272685,3.6131544284313,3.65584409292745,3.41020269043669,2.92902590144612,3.57804505198962,3.82222027162153,3.39573599154162,3.67617712414928,3.38330200955977,3.48211255330629,3.39591965945896,3.31322262914527,3.36174730826789,3.50286521136663,3.13811817761461,3.19438022739299,3.04721903412559,3.333406558682,3.4630076896748,2.64118993540701,2.97544309699029,3.41117944783484,2.86373035440117,3.60616977230828,3.23125267480825,3.43648702216659,3.44156315494367,2.70606855093675,3.12570895376283,3.20377592680155,3.08910657684558,2.88320045771584,3.42604732753124,3.36997451319976,3.91199830169935,3.07258090241659,2.94438246529684,3.51460202644204,3.51506901403224,3.24320597952301,3.15609076389822,3.32333691984333,2.564295238656,3.69515867847536,3.3886896398652,3.30031558292832,3.66940100105782,3.34241962871171,3.17085443879323,3.24908120805996,3.10648065540975,3.24267566768925,3.24120867565917,3.46426310553094,3.19611284270205,3.53159356008728,3.39941858709461,3.24176850454629,3.12586101108094,2.95664216365737,3.29142674633344,2.62068493260273,2.98493198392077,3.76891475237469,3.70873904135958,3.46070325276249,2.99468289946904,"Tumor"
3.37837844525703,3.12818780189977,3.6027300380274,2.82297074698321,3.21876567151351,3.63913953138043,3.14408227334517,2.46720643076044,3.05039198924706,3.09110740370076,3.44802079728224,3.10556075359241,3.16087663568327,3.5179181479319,3.30757861595959,2.96908047923451,3.20268727113139,3.1611443820872,2.96712617470153,3.45134432826369,3.33379437858545,3.27423332898321,3.57361689436603,3.34200282044168,3.34452885106499,3.46872666711556,3.39920938284835,2.89960876074995,3.20597891877535,3.17499437112071,3.37294652764995,3.38447398521408,3.42546199034558,3.57126420571528,3.58225490835766,3.39739089997864,2.77390140784143,3.66094002260952,3.7464847615426,3.47715921118664,3.82473730881768,3.22856321467518,3.42179958875583,3.37373172237873,3.34539495597396,3.37468479765721,3.45266659254993,3.22292663483102,3.18611701347622,3.0343319434107,3.19872358362604,3.36198166042668,2.63430748895131,3.0981449667984,3.45729222140427,2.96674975930263,3.63573117797691,3.55320074120582,3.40830018591725,3.40328272192621,2.715601288562,3.17820789617249,3.2454758872357,3.04524199996927,2.85470783944989,3.35600291515793,3.30191536159961,3.92170290768845,2.97878137676273,2.92475550712028,3.48815506151823,3.44594912816979,3.31567055965516,3.21907866390566,3.33836736194846,2.65835088892316,3.70948915807868,3.30210259389432,3.2466604227928,3.66810777556186,3.38293142295149,3.20184397753707,3.15379074695429,2.89647142880882,3.20166051941867,3.24098742997485,3.53245411483066,3.0633545234597,3.63504621751621,3.42617349296655,3.28000904876242,3.0801886259547,3.15633998210065,3.29909956028338,2.91503322756805,3.05277582739839,3.702469160772,3.73131359969233,3.41267856877932,2.9669047657729,"Tumor"
3.41541255123483,3.33151748770781,3.6334777106551,2.79855034119346,3.28644945723293,3.6629232498931,3.16625750137281,2.40016081227716,3.10710364364903,3.15614255304227,3.52299731273403,3.12905216726996,3.19511763078505,3.59956774395777,3.39544810671647,3.07335239527563,3.19635209508947,3.24024715466741,2.93189103217926,3.41778231889316,3.35635230967592,3.3454276022187,3.57794840681259,3.31080543106317,3.38347759012504,3.45964144992861,3.53871197183927,2.81973970343249,3.06309043822559,3.12810364707478,3.40382805553475,3.48855356942896,3.43359912738994,3.58172482909023,3.66882259610473,3.39052599516456,2.85122133072812,3.52248266745951,3.77728293575566,3.51990668367777,3.85240840844805,3.24002423450016,3.49826363468408,3.42654789775606,3.3961005632053,3.34717806203279,3.51059487121941,3.23528438166706,3.23203903615301,3.12203653391923,3.27122694819717,3.51249238877663,2.99480597608493,3.14802623851281,3.47876476667419,2.97116644971077,3.71908484747464,2.9994534757487,3.44445239565765,3.42766248505808,2.75527857980865,3.13859824499614,3.33962485364639,2.97679619607594,3.18677468169007,3.40003918458739,3.47614834874565,3.92945016335684,2.90108892969861,2.90292254127018,3.49383944144005,3.50449327710845,3.38905737338794,3.18712003552425,3.30087197431989,2.63409137418399,3.57643748442866,3.42944055395583,3.25856264208046,3.65154542468813,3.34219488016758,3.32530005762347,3.23166433928364,3.0072421549671,3.32988421999714,3.27725726713601,3.59543204911061,3.12356025809599,3.61808591920836,3.45316723373059,3.2785542763132,3.02192028620803,3.21009892468427,3.23550956712237,3.15993751763431,3.12331690147248,3.71746257308341,3.76008252627996,3.3951423375459,3.05557051185276,"Tumor"
3.35904037938724,3.21778286800326,3.61025121684943,2.8594826061566,3.19168265974501,3.63209368538165,3.22853550975881,2.40241931005432,3.10453627473689,3.19325764242754,3.48944017592585,3.1032726993812,3.18589032580283,3.60511500168944,3.37169685292949,3.14802623851281,3.16232284317833,3.14313052251237,2.93512213652463,3.44553602620705,3.36863147511072,3.34367785816497,3.61782740540285,3.35531796912324,3.47620020507868,3.56386587819776,3.49064714058158,2.96502326432184,3.22812295139385,3.20716507515299,3.36266625584825,3.2528440317711,3.37887502565469,3.62009369875064,3.6629232498931,3.39650066364631,2.97849585476935,3.69288466342953,3.79889037305185,3.49027488683982,3.7828802993997,3.33087243166971,3.47578530221513,3.42944055395583,3.44160697451671,3.34401746309959,3.49722912878761,3.18646569420601,3.2417166494193,3.10826516654404,3.15188316443516,3.39390763258354,2.8570494098951,3.16598748756137,3.36637257653911,2.92904863292594,3.63324519416856,2.93071084849273,3.43851775606067,3.4400047032018,2.74928754035785,3.15452488312621,3.21365678633563,3.04557052900024,2.915310552145,3.36015354620141,3.3423613112508,3.92945016335684,2.99542481991652,2.95183394204865,3.48505322383392,3.52640690369918,3.28473768627519,3.19908965318276,3.40833415695737,2.78431133154216,3.78193667615618,3.49199415294879,3.31946041983303,3.64854597399566,3.33258764437445,3.20815201383502,3.2306856758441,2.88308703767939,3.20704009805152,3.18412316065996,3.51048094076288,3.19883514255851,3.60480672084945,3.40599235967584,3.13654742154151,3.06482250815459,2.98680227577771,3.37454709284731,2.75274645090845,2.98289320980917,3.77063878798783,3.70088355602827,3.45382702419598,3.12939677926848,"Tumor"
3.39808764019544,3.06109874938757,3.49080114852119,2.95114387774059,3.15411329428441,3.55582842282445,3.19163055178098,2.46474667221207,3.12497819397476,3.20781165872666,3.45117417836653,3.0939336465669,3.19960639155555,3.4998331339215,3.35988236120549,3.17427377653471,3.25237024103767,3.01985489248888,2.99017795505087,3.31606897033388,3.33337793315563,3.17538248024525,3.54975540952626,3.2888221583678,3.39613619308749,3.35058210900239,3.45567309683088,2.89776318677284,3.14957317282783,3.2798025871548,3.33365700781283,3.28507813096183,3.36177397300761,3.51604036872447,3.46055910316454,3.43434800069257,2.80538945758555,3.40045595594577,3.7198953011051,3.52155333054509,3.68419036649602,3.07816233857215,3.49864659684414,3.42557746556635,3.33544609613753,3.38773888294007,3.46248427713938,3.20230173708359,3.28051245356589,3.01766362465525,3.14772674521053,3.42451904447545,2.82382271581828,3.08513568038001,3.33155618189998,3.00007393622625,3.43097834954431,3.05282798418772,3.4560491270219,3.38256074112577,2.63450963152635,3.11892778741304,3.1714726636893,3.10365373438691,2.99873528428589,3.1682023573113,3.38274332765895,3.85283783398905,3.14213075305482,2.75008120819702,3.51702367206458,3.41469977894546,3.37607779800921,3.20565056090103,3.28800707473364,2.68001822994398,3.57494919059888,3.39221024716629,3.18317682185721,3.71471809463304,3.36869712037452,3.30084269591142,3.26751632230329,3.01197144935563,3.00259271657876,3.21365678633563,3.47800105583793,3.16177484148042,3.55202041129291,3.33625767623855,3.49054445948755,3.06060255873977,3.21789606403401,3.40707669542482,2.85039339553048,2.98027944085778,3.72954189446091,3.66810777556186,3.30382019347695,3.04025245434771,"Tumor"
3.33081221172122,3.08744417095841,3.55527627019764,2.89942895012985,3.21306882638587,3.54244379253578,3.21326639521571,2.4194067507764,3.11485839050022,3.1468246343541,3.49762513842628,3.16521574095052,3.23326686832485,3.56188819528803,3.29829026409329,2.97510187169435,3.26365493179469,3.19745183078098,2.81656694090996,3.44684377683597,3.39816564320269,3.29460457591389,3.57074221363794,3.36637257653911,3.45121638796454,3.46158094396267,3.37196443290103,2.87847424557822,3.23506069328958,3.22654860411434,3.40783402245407,3.29483833132766,3.4274922007351,3.576534230871,3.58593599135762,3.43705325176419,2.88272325119581,3.56425621116689,3.7828802993997,3.54309989219543,3.72881301608851,3.35647908515063,3.47595387089452,3.44671014416187,3.3719992703917,3.3447816370471,3.46154165577365,3.32174486098157,3.30028189971938,3.13022911460567,3.31252722812623,3.41677895291976,2.80647873405593,3.00570538276039,3.46046736410257,3.02120608688424,3.63479072526822,2.8171259024376,3.47127852032008,3.46588306916313,2.79510403669302,3.15786186789933,3.2031478962332,3.02904113328731,2.94063660720115,3.40356495780373,3.24757059210191,3.92808602012301,3.14964958189498,2.8665638261493,3.48001948102012,3.49216083844707,3.40094909372203,3.18801313632852,3.3571733354481,2.66781039668169,3.70178190975606,3.46515169792319,3.22837696583726,3.68799007594043,3.33556900555675,3.26296677791871,3.19341536159117,3.05237763509647,3.27471490198412,3.1859743470669,3.54141571581909,3.34688882943253,3.61696927757525,3.48413813120167,3.38234354371825,2.98988559962306,3.14324646400017,3.31753996329244,2.79106179866111,3.04376969075464,3.73392913464493,3.74321334281455,3.40150623219652,3.12696790193937,"Tumor"
3.37683212585705,3.2155776510122,3.46455065120049,2.86706618139917,3.26327483497207,3.56843347335538,3.28325062972127,2.47249297035442,3.12147466868679,3.12282178408919,3.51127826508303,3.20570685613027,3.25624681386477,3.57786383697149,3.35204943057331,3.13822796820363,3.21954492761755,3.18674616254069,2.93156582150687,3.43453882780998,3.38670887839422,3.36143852275389,3.59917494553326,3.36303507321715,3.49132721830451,3.46588306916313,3.45367033482031,2.98833748940336,3.21418077088528,3.22238417734123,3.40804197986781,3.2399952218083,3.43305959095316,3.54253046431141,3.5701107150031,3.45242806815357,2.89571753039998,3.55398709166786,3.74698987864759,3.51596470223921,3.68832585191385,3.37176653999312,3.51696065989882,3.43923216076614,3.42317206172949,3.3496384465335,3.42554255542785,3.28104536633199,3.23306895103879,3.04756281735501,3.36415216865035,3.42299855637049,2.99062636035576,3.06236697685331,3.5026870301607,3.01816767955021,3.67920983277933,3.18027041499767,3.42779387182193,3.46408009207885,2.77577750189072,3.14828010805547,3.20407496746115,3.03946305151385,3.00324781543958,3.38948558904946,3.34226031690096,3.93464859318808,3.11270680415609,2.95209682566731,3.49469720927427,3.50222874884147,3.33622339335789,3.11872184945502,3.33591766831538,2.75101588917208,3.68452702788435,3.47006825474603,3.28159736918081,3.69155649748692,3.3874218246779,3.16458678377001,3.19753360881448,2.9284612881143,3.29285977042134,3.22630043378588,3.5349580265839,3.24095996262582,3.61225812477206,3.48027804937146,3.38588379291157,3.04997746074219,3.14257027954493,3.35251560761844,3.01314956755428,2.95902079765382,3.74750556045372,3.7594647974367,3.3746458521753,3.07507904363553,"Tumor"
3.36061149423837,3.32230603148054,3.55666238606254,2.77338663655413,3.1953806728294,3.52235711636762,3.18380884178828,2.39853917809273,3.16402354594793,3.05717123751171,3.48001948102012,3.20881531939998,3.29688905001116,3.52596862103309,3.31250108961059,3.20791783315735,3.20901659183126,3.03804454988513,2.84810510462564,3.35517417372093,3.31639920560135,3.20474327928623,3.53482110893509,3.3161558816807,3.37708903516419,3.42741174445727,3.27339653046974,2.90299005088996,3.1327692988403,3.15067177352417,3.32676886255898,3.32327926721525,3.38383421556632,3.52820872429513,3.48466663578607,3.41846118690232,2.87824665216222,3.45905909291681,3.75084229010552,3.56827537178828,3.76036999950872,3.27092207927253,3.44846754908019,3.47784567533274,3.40472740557203,3.33741281870179,3.4400047032018,3.24528572355189,3.14322033715421,3.02325712683186,3.14645157531692,3.42320837416402,2.7752086075178,2.99890313490737,3.43046459498256,3.09544006562956,3.65914821614934,2.95359863162276,3.45262178987027,3.37952115648693,2.7140124692452,3.07327869267209,3.28923838213703,2.97712786000895,2.98368134246853,3.33207487048898,3.28201419909253,3.90582260607338,2.9730969195353,2.95576845644943,3.51590164380315,3.50503979343058,3.31834432097881,3.18793239994601,3.24278235527281,2.7070896197582,3.64646222726002,3.38300195236422,3.25547656213894,3.70571255405608,3.39059615428397,3.16717324324465,3.18442788933221,2.8617549207862,3.23432963392895,3.26760321214977,3.52792108447309,3.18249208585454,3.62529387160078,3.40433366826411,3.26470305940885,2.97666424226113,3.10476940341871,3.36524879965003,2.92985915492943,2.97534954324606,3.74350419680603,3.72790956625765,3.32158469260114,3.06636650577528,"Tumor"
3.28145938826799,3.28552058898382,3.53897264489823,2.77881412884462,3.19668257588934,3.52680750279505,3.24267566768925,2.43106663268784,3.13911745545688,3.19880843205028,3.42658815055057,3.1932324057612,3.22990780259377,3.4936729497819,3.37930904672525,3.14431562580313,3.22898180199411,3.12278865980575,2.99554421536825,3.41381068702498,3.36346267113649,3.25706796268512,3.57354418826519,3.3688060569868,3.57115496718662,3.40751999073004,3.30712683923361,2.85905515421049,3.12178960535624,3.20319645697658,3.33293416485119,3.1977804874472,3.37080177181454,3.53428576068565,3.45843581546747,3.41225989340332,2.85757499346902,3.51381916766989,3.7235585614721,3.54272855167682,3.7132888998678,3.21375786641936,3.46684895568275,3.45247551261185,3.42770538817418,3.34495344942438,3.49522186055776,3.24448828450054,3.18868259929501,3.19034936725335,3.10534284028622,3.44562739548274,2.87106690687278,3.06912641712655,3.43877189585177,2.96162518026912,3.57643748442866,3.21212261006372,3.48075627868625,3.40946425712834,2.68961003341309,3.0769780246819,3.24970472980815,2.95265785671195,3.04907658276802,3.24154276862606,3.32257427753157,3.88306357035165,3.24048225231669,3.00777497518462,3.53938217885408,3.38848713981974,3.27841005654251,3.17200899137466,3.42554255542785,2.58081119006046,3.42830589787285,3.31946041983303,3.24002423450016,3.67783519353921,3.43779101520271,3.15999885327786,3.24305970607253,3.00551137459139,3.15712781099258,3.27444804392521,3.49814872621015,3.13004455889717,3.68079692523967,3.36579050501285,2.81126755918921,2.91439039461895,3.15723778162639,3.46506025044313,2.89255228786108,3.05399232811869,3.72790956625765,3.67553368622549,3.37162716249957,3.07065894926854,"Tumor"
3.25202501754132,3.12356025809599,3.52987090912817,2.66634758098704,3.25253222534226,3.60037680968992,3.25081911551906,2.36940226937997,3.14386846978051,3.19374809246444,3.50473478659387,3.18882341602057,3.12407332461542,3.54068446855864,3.3091470771154,3.06598582949859,3.19878172104751,3.16847195694599,2.93786788622346,3.45905909291681,3.44797452809596,3.30834776820278,3.6018747626819,3.37408659039564,3.52712039345895,3.47474752272471,3.26591691436691,2.83936304275935,3.26598440413564,3.17552460108987,3.40981723196612,3.16171358129749,3.43971754124063,3.61304831627062,3.56362186645222,3.34367785816497,2.92217310539325,3.5365254298435,3.74432258224568,3.48364812474766,3.71615685242961,3.46506025044313,3.48603211684532,3.41188989462146,3.35914582973579,3.33814483433098,3.44580614472226,3.22789660993904,3.28832312196207,3.12317119895086,3.36333370412853,3.41793890526546,3.01439635920687,2.96377742797059,3.46426310553094,2.97854710646775,3.67016051412663,2.87217275041214,3.46961251537836,3.45729222140427,2.6273920520064,3.16844949223392,3.33993264378913,2.93140886222274,3.02432322563904,3.45276673468555,3.44841204306982,3.93791871905419,2.98501762959719,3.01631802229467,3.45290507751697,3.56252330257827,3.32236083849133,3.16999072271942,3.46785331371771,2.66691107694052,3.55480984335306,3.63141863686525,3.22803519055498,3.6565192521332,3.32254543626323,3.21652315678477,3.33622339335789,3.01027856729727,3.19764211481837,3.21332239405715,3.56607230965485,3.11092444213121,3.66432354347453,3.46888303280925,3.17823020944692,2.91301001471794,3.20224530882408,3.33405048291148,3.11183258707798,3.04329025404364,3.73646417051209,3.72055209160511,3.41618173374609,3.09914032094393,"Tumor"
3.23479559297898,2.79746751085083,3.40291314123527,3.0278493931713,3.18095461523238,3.55512899380031,3.1254709188251,2.44744166452686,3.17836567549103,2.96954101455579,3.4308445769111,2.79353594400807,3.11951720535871,3.41758386174442,3.14364973716423,2.47297898397766,3.04035767543101,3.07435300682674,2.70405745270894,3.25504141470594,3.40580588609629,3.18558432021668,3.47413747897383,3.1929879027001,3.33138849957146,3.42072626662036,3.36918587416317,2.86126063945314,3.26206025786926,3.16779786337196,3.37320691439586,3.33513162902926,3.39095790107923,3.48801362902134,3.41117944783484,3.31469072586557,2.87483040220608,3.50404828535422,3.68747506761678,3.38440214617637,3.63324519416856,3.01167274454529,3.31932745854211,3.25075697517058,3.06223398624782,3.34142506447934,3.35255515510243,2.85353063732704,3.09204502426039,3.06453282455034,3.24489771189569,3.39739089997864,2.65149720700002,2.60339252785125,3.13698865206527,2.99315261497364,3.36187782045443,2.47636354034567,3.34516499193011,3.40618289172185,2.78908025776219,3.07319127307482,3.0909567183,3.16649372200994,2.8522186215538,3.2048543737228,3.35204943057331,3.86726391107629,3.27458967865079,2.75691866866842,3.34083141407016,3.31901813160638,3.34161720112966,3.17361997696759,3.35494999347649,2.62053949277709,3.62376153471654,3.46763163246943,2.92628413290262,3.69725117043436,3.23988832790881,3.26453342850882,3.16204080947798,2.58757621867324,2.92791351572434,3.01296549413999,3.47559077541522,3.06127678317188,3.57736839975281,3.40591613981125,3.11987074057255,3.1014920835972,2.96295984101213,3.40538248797848,2.81001938492342,2.84176384254379,3.72382064728623,3.65770859446677,3.25808318611756,2.8559418723708,"Tumor"
3.29102294504594,3.27370982739565,3.64761384059178,2.90799047166026,3.22921566554987,3.62249700892552,3.18991625603419,2.38758863358025,3.02155612426296,3.20495763693572,3.50509062163478,2.96868430124436,3.17230988795016,3.55413448467556,3.33901335343341,2.9388691513727,3.08996756051557,3.14400230472872,2.84306529036382,3.37365934641987,3.45867859764703,3.31929999761833,3.56804426909639,3.32622237136048,3.5137054915636,3.46143688203859,3.25737124688954,2.80632611985466,3.30669679126167,3.13369174498987,3.43351366972044,3.33666329514703,3.46767075516497,3.60795756475449,3.56530470802725,3.28373660962484,2.84822932203413,3.54731409195601,3.80200705073202,3.49022353395738,3.82267916842046,3.39690613169732,3.48084673667266,3.36081513608479,3.26700236671755,3.32140285829362,3.45920863944578,3.11012433359506,3.30497823580396,3.27656812864022,3.20860309479777,3.49584863265675,2.58631559484043,2.87124437202194,3.38955304552299,2.95181529600113,3.58928410667125,2.41025154401568,3.45576777100561,3.46931295110129,2.74010508686065,3.20498266932883,3.20671354427656,3.11666584128034,2.7615257024999,3.41091361826614,3.47679641897715,3.93305325009819,3.10639689991826,2.86746952119686,3.46888303280925,3.47809168673837,3.46881788249647,3.12771911257541,3.42090139249556,2.56174892285432,3.66278656308934,3.57914393544775,3.16855539424262,3.65460738913619,3.29574359234709,3.31312828331684,3.30322401615194,2.72709706684918,3.17619669090536,3.21002097394997,3.59049423541977,3.22898180199411,3.55450290132772,3.49494036407876,2.87950189279598,3.06676257806846,3.14322033715421,3.50249609730223,2.91139438484257,2.95933431388943,3.74270690150243,3.74853637141404,3.38354256334244,3.14663893143308,"Tumor"
3.3728058714096,3.20833464837891,3.62315282731876,2.97222760855617,3.24854394403317,3.67630126335303,3.14257027954493,2.71713570519433,3.077236161499,3.03217844325824,3.46125350969099,3.10495386704382,3.15938860895846,3.5299333599444,3.31414254040646,3.13351749553877,3.14698751197502,3.17781098098484,2.94153454747348,3.35879851747716,3.35775044950659,3.30210259389432,3.61396769581111,3.31606897033388,3.34762030564584,3.39746757156655,3.33788517538855,2.88344877735144,3.10157108200858,3.18019242739543,3.42039212136449,3.41695861076437,3.42720521947101,3.50444242785421,3.55391338951672,3.35969685817102,2.87232643696114,3.51278312091736,3.76918989006193,3.51564938249322,3.84885825890947,3.18877595124424,3.37010986451728,3.43072283303429,3.30251646656492,3.3886896398652,3.43426926046994,3.26438780023274,3.28710729024903,3.0866139474095,3.11833148314357,3.42741174445727,2.90139211892725,2.95250690303481,3.45299202907864,3.01512642875328,3.68799007594043,3.17206501410851,3.39686641182194,3.41810762155805,2.72636913193838,3.1562509805418,3.23850410033007,3.03236008169704,3.01753891959372,3.3064474505139,3.36728159341427,3.91486106825509,3.17567149780999,2.94355380966434,3.47418940763479,3.42587148282868,3.40914650591963,3.18029747093591,3.26557791799785,2.75819229474186,3.54653644193974,3.3967595736272,3.25487517791674,3.67283263366221,3.32846885178243,3.20509218094206,3.18149697133177,2.80451826988807,3.21015348769238,3.23271754260515,3.54431227222859,3.22921566554987,3.58593599135762,3.44746811401088,3.20027206724896,3.0037407431462,3.24905085949217,3.40421784272011,3.01197144935563,3.0123416144091,3.70608844879118,3.72143828474878,3.41260134653793,3.01488727795392,"Tumor"
3.3343051114122,3.19627497200867,3.59606449346271,2.8617549207862,3.2166271401189,3.60666726153075,3.12557671697945,2.42379597056735,3.08305164115628,3.11002575090288,3.47217580367239,3.17394771305294,3.28737477249414,3.5540485072511,3.19928129204349,3.07402925472277,3.19474109793985,3.1143070502395,2.87178846239763,3.23512044905935,3.39867324395369,3.31393220233616,3.52955861449035,3.25130553649124,3.42500134023071,3.42578690865945,3.35882804930211,2.86154055449806,3.18685865146733,3.21191242846692,3.34598531305923,3.44342630332351,3.38343888128545,3.48758924832086,3.46038872597757,3.34067050269895,2.88226936740797,3.57838325913404,3.73931887347843,3.50591632906695,3.82671117852721,3.22106040518811,3.42303487317232,3.39504360002616,3.31270873253368,3.3733141188094,3.41141811020518,3.12913296885808,3.30500451097219,3.10050507930294,3.23106216342956,3.46821836153495,2.95236525312209,2.98056826576702,3.32689251342503,3.07218985517445,3.56061714132546,3.07420741301838,3.37592771891548,3.37035402292257,2.72891529884681,3.14603930619597,3.20380411128946,2.98355184096882,2.99161345005097,3.29229438930831,3.40352405747437,3.89339133621094,3.04685422020547,2.95183394204865,3.45843581546747,3.41016333496162,3.43839266558753,3.1925934555869,3.31662366449284,2.70924210388123,3.63187258358467,3.37429946931466,3.23578219362688,3.68223617968256,3.33741281870179,3.37539397788437,3.18832654064647,2.92459590498047,3.17867799577802,3.29591987580956,3.50409914850206,3.20934418457571,3.54438646648968,3.39267873828804,3.28998639745239,3.04719285438096,3.25739840355887,3.52248266745951,3.06739950977131,3.07229963352239,3.6963054728172,3.70910311730106,3.32218342931317,2.92962059060291,"Tumor"
3.33565903720767,2.79654584267105,3.58937999547796,2.83159961726126,3.14324646400017,3.62539908692878,3.18568738634176,2.36277003908932,2.96386433870287,2.911963798974,3.45688104129143,2.64463618836022,3.05699096281747,3.47775502897593,3.41401372432109,2.7113208917158,2.98508869342645,3.02260040110999,2.987708322148,3.20609148141602,3.23663955914617,3.15411329428441,3.51843442377108,3.24275797023499,3.30928971228257,3.54533828763841,3.4190965770122,2.81536228771504,3.00452476280643,3.11788118485966,3.40390983779987,3.20709009019129,3.39340933570911,3.62876193230049,3.61646356603586,3.37253984043199,2.91200788564329,3.52087478775252,3.76982462299575,3.37284486659271,3.76102990650709,3.19695319901789,3.3569508737568,2.83342042345787,3.1592174358928,3.33328632765424,3.43744082436354,2.70041086395173,2.93016960815008,2.87503493686404,3.18901642335805,3.41304565658821,2.3366147411456,2.48851500895781,3.24196370713304,2.9767687066931,3.48054949627387,2.73977898990423,3.25777854326483,3.43414113159977,2.84292253039548,3.16800815016884,3.23873031216906,3.19957969532278,2.37614588430168,3.40402023650444,3.40553770300102,3.81685566236649,2.57135644514291,2.45587558680473,3.45548241470549,3.42695439937787,3.24731841571297,3.26520883138647,3.42596276367012,2.60826517311596,3.70515958970221,3.23263466526105,3.0850880788015,3.74523733212975,3.21990884938143,3.09304459436949,3.25262002231791,2.6499786736032,3.22290191186045,2.92562730711346,3.33450677962239,2.70211227449328,3.45113064842511,3.36589826192648,2.71013967879061,3.25729279141765,2.49046744387077,3.18213449590843,2.55094497883167,2.9168816886973,3.75618000523893,3.61176256006487,3.45299202907864,2.852152689737,"Tumor"
3.32298952787801,3.18434377795291,3.58208626789781,2.83975404925368,3.20290193446049,3.61125501978255,3.16931413123168,2.48093977325617,3.13680167865388,3.11401047195952,3.43757265522634,3.09832691021384,3.22393682383975,3.49927188316909,3.24109729414183,3.07335239527563,3.07937128379677,3.17686846776878,2.96329840041601,3.29574359234709,3.44047919284172,3.24076309798604,3.56004235510864,3.29466044543196,3.49821256538113,3.39322260164228,3.35137815359004,2.86413859066062,3.23539621285115,3.18785482544003,3.41874721453486,3.28906423219178,3.43872932057924,3.50604331904484,3.54818998907857,3.40382805553475,2.89132974475838,3.53271592094225,3.75386122074663,3.51127826508303,3.79745921016174,3.27496233518384,3.39413270201315,3.41161470579507,3.36125181581532,3.36221878044961,3.46622250839029,3.18801313632852,3.24347715564305,3.2021277428609,3.19886028140863,3.3785143976646,2.93006928606174,2.99958877331076,3.38190905078153,3.10573338461363,3.62486123906148,3.22222341001794,3.42350959764003,3.42720521947101,2.65835088892316,3.16817186370508,3.23705734016986,3.0334212394661,2.99156084649896,3.26973935538427,3.3698768291022,3.89103999209395,3.05113714431382,3.00429643408223,3.44907136933974,3.43188099052299,3.35698466761576,3.21920105335265,3.30596030975989,2.66183623186753,3.62042219191428,3.25147218508344,3.20498266932883,3.67118012666803,3.3741923380987,3.19761538221272,3.15978255281326,2.98069438002686,3.14397619156739,3.26631280928027,3.49494036407876,3.24573903242928,3.576534230871,3.38634192539018,3.2017671474891,3.12386480990996,3.13094569195963,3.40837763872153,2.93266594814578,3.02085774204152,3.69240487899626,3.69515867847536,3.3840194048552,3.05503422721458,"Tumor"
3.09369707020427,2.74275647594808,3.4830934429685,3.06119900412394,3.09118527987367,3.52904630489601,3.01795752965727,2.41213386051874,3.23957981824421,2.81196417531019,3.28662687994522,2.52925125056517,2.95677224500333,3.26805106128168,3.21531049935705,2.33036048196688,2.91585357138931,2.93804296954517,2.98561882844853,3.23332516436422,3.21859365173153,3.06722395126646,3.44146621600777,3.16638606161847,3.08456265704876,3.30393706210797,3.25837419569246,2.77411232662762,3.01002249359839,3.2405677328733,3.33042358922558,3.17248111489682,3.3389848389406,3.44856534018851,3.41646280885959,3.44350984975568,3.03774943867912,3.26549540682868,3.60531653431967,2.99425748030351,3.68985823631925,2.89826834260453,3.32476596845231,2.90851319561607,2.99112724761794,3.39927775358618,3.22362179491274,2.69724227264007,2.95338258709898,2.76598869955166,3.11273682510461,3.35893210901012,2.39575381109514,2.54177996173098,2.9669047657729,2.89557407066781,3.23098072750399,3.63324519416856,3.21144213355301,3.37615144222452,2.81320656356952,3.09031824712117,3.03843618165611,3.12972647445813,2.49406225405637,3.05124331499219,3.41212843950254,3.78193667615618,3.33290696170865,2.59663703410207,3.32466949460965,3.34526294405989,3.21560405285009,3.20586478379774,3.2819548712248,2.57632379906814,3.43522853072072,3.22618789528333,2.94139369422399,3.77945935117593,3.22801363444455,3.0288060459027,3.08189178216589,2.52506157923058,2.86101442814012,2.78953312331782,3.31229777387706,2.76385132757948,3.39587991241464,3.30687903062991,2.73880890169257,3.17475474546019,2.66094914713721,3.06534137918994,2.51201950790558,2.69167485432467,3.66226247700561,3.57555437330874,3.24905085949217,2.72475503247084,"Tumor"
2.84797286143723,2.29274936183278,3.0690714081348,3.01773844251839,3.02967903458316,3.41331380192547,2.94394944898974,2.46912015510534,3.28464886140382,2.79705864515782,3.11412544493356,2.05291316955543,2.79656868390717,2.61359765706351,2.94569009774152,2.26527785475992,2.81674099976881,2.86106407089962,3.24880045944553,2.966336327276,3.02362263380269,2.87515489081703,3.10526069519027,2.93650979843816,3.05935527761642,3.15874095108297,2.94550470336338,2.97046348506947,2.91721022597412,3.26990987097774,3.13640633052265,3.10523051826603,3.21015348769238,3.32648557585788,3.2801026151571,3.51990668367777,3.41421267315223,3.06813937457505,3.43602321450582,2.37081432351933,3.14142788601941,2.73897963265976,3.22570680984312,2.44205438912805,2.78810935261935,3.42150877982138,3.19585938077698,2.3803332624063,2.44012566636175,2.60533787142061,2.9494359486024,3.23512044905935,2.36922636347855,2.38932726044721,2.82042407207713,2.76469434393352,3.12136691140973,3.3785879176087,3.04534161507837,3.24839517455587,2.9295997616861,2.93512213652463,2.93334790778763,3.29533805861992,2.22900026628476,2.92055627745112,3.11678891854308,3.63655502151616,2.92509175384022,2.37705709757837,3.05352322792688,3.2640619600277,3.16131048891415,3.28021102577145,3.16450794371116,2.84700070235974,3.17897909774923,2.96159925230232,2.93998064491738,3.79160572470455,3.17959703615519,2.79861254813273,3.03528606841135,2.56491709680881,2.77708510823954,2.62882724333259,2.9741988864701,2.48151078307347,3.30917473197431,3.31319069740175,2.74977880788675,3.39931193774008,2.39930783568438,2.93342345134844,2.53918363145437,2.43808255413416,3.45511018318752,3.41222194917713,3.16516749307723,2.67648406709656,"Tumor"
3.11165067000165,2.75257091920841,3.33920581152012,2.82507529667189,3.10200969662211,3.39849813503229,2.87127000407258,2.44131083453711,3.22061784597894,2.76686014382954,3.16573832284669,2.77289278985146,3.05184712091234,3.12947921012969,3.09288565659995,2.48810877604554,2.94458674388554,2.93628175546173,2.98694058471276,3.18550820512083,3.21565374911661,3.10885728367456,3.3197349750237,3.17422423242044,3.23079018020824,3.30885594117364,3.14997143098474,2.96816265454303,2.95071848450103,3.30057477087874,3.2532132687285,3.18246666016324,3.30870889519382,3.35399648586941,3.357950274222,3.37683212585705,2.78986694237934,3.38595279807256,3.52604376466126,3.27793863981426,3.59463214700646,2.92945963206537,3.26487567215042,3.1959475464973,3.23943775943476,3.35900522755818,3.40922934524386,2.90876488113987,3.08184407343309,2.82330303391108,2.98126997903551,3.29656900083955,2.62135095349874,2.69382591616424,3.08733553901273,2.81725690970741,3.36387893161585,3.73487216825608,3.34717806203279,3.27358899235569,2.86534478876193,2.96803359622137,3.15507078634965,3.15097552871947,2.6852404903135,3.11951720535871,3.2425384863451,3.77758804203593,3.45262178987027,2.69569322033021,3.16389477499385,3.2605044669179,3.30166958233149,3.24766324825528,3.20008055996036,2.61103542376877,3.45169907242434,3.20727285920784,3.02772202740409,3.7419954283523,3.35241108404904,3.09835049379149,3.11366216456816,2.50603823966034,3.05415560869285,2.89471689236367,3.40684139442363,2.77396046820989,3.51893792953157,3.26356329705799,2.97164287232609,3.07071046354327,3.05993666901103,3.58225490835766,2.71901254165358,2.86278065918202,3.62105550329974,3.68061691743609,3.16106374080929,2.88549627321652,"Tumor"
3.41723413271199,3.16598748756137,3.61206935828841,2.81487235359805,3.25759904532993,3.65102872271684,3.14436294442587,2.50452887052006,3.08715899465323,3.11638472004593,3.4942875927355,3.16617553823621,3.23784054481301,3.56804426909639,3.198313412547,3.10954945148702,3.11681386535705,3.27072477680921,2.96104354100763,3.29878439925557,3.44267416763635,3.33223244610826,3.55527627019764,3.30727404654391,3.34036714307673,3.40576641049559,3.51352864425953,2.76545624464414,3.22026029517548,3.17583434408261,3.33709735243396,3.43224723480724,3.37539397788437,3.51868619861699,3.48578745585376,3.3261303103657,2.90155623937944,3.55275823064614,3.76411256667788,3.50096772407033,3.83081306383582,3.221747186287,3.38200453974744,3.43175532325097,3.33334787574164,3.36167152157989,3.44510028731433,3.25119947736356,3.34727871271912,3.11790777464063,3.14984139959288,3.48906761058452,2.81314087726273,3.09314603485522,3.41408951758703,3.09115988593135,3.59906780012672,2.87095647309494,3.40888845130926,3.36994520866497,2.70398881794252,3.14653303748752,3.25709814307441,3.05640491443846,3.11162229554569,3.3419686738135,3.42138893871489,3.91600840914375,3.15384261872757,2.86388494288488,3.44644151827105,3.38937269564988,3.45290507751697,3.19681946718853,3.27963620810283,2.57596817212418,3.61176256006487,3.35568303227647,3.24145582036994,3.66106547980695,3.34042981414186,3.37797606204653,3.18787699001023,3.07641885480052,3.26091087981829,3.28975185450735,3.54323602644088,3.33978445673208,3.63024236689313,3.38883564267064,3.32074171189351,3.04690484583121,3.30363610618323,3.5279836197478,3.04010337800847,3.08105835631847,3.71949013120029,3.70892660710658,3.3345697057755,2.97743563456134,"Tumor"
3.16072015845481,3.35952679276676,3.51089864179142,2.6970531815368,3.23991276149839,3.55766740686058,3.30654806687896,2.39128930806337,3.15667004903104,3.18874588941151,3.41212843950254,3.16745588122243,3.1619827842785,3.41711933829501,3.36407931050093,3.22045688169225,3.1223894523809,3.08702996780381,2.96159925230232,3.4017683405785,3.53396196534515,3.30937557767493,3.57034148693818,3.31892127262298,3.4560491270219,3.34513517909226,3.41016333496162,2.87275391471083,3.30483809349088,3.20099705305209,3.36703411786884,3.13595999830483,3.42625536037822,3.5038066609104,3.47040671081933,3.32750486033199,2.98699153729397,3.45981191538389,3.75723664714994,3.54048610031483,3.69764039522528,3.31190122576501,3.46065083639332,3.48890056729806,3.36610815488368,3.38547935631395,3.4079087818382,3.08380904851734,3.39945276791171,3.12174154052078,3.32133791191499,3.44693903217581,3.1325110397992,3.05440223154315,3.42249137068778,2.97908513940401,3.52616899534465,2.56345347428141,3.41449548515071,3.45134432826369,2.68994766834251,3.05266803072486,3.2023550284133,2.93182486152964,3.066791848662,3.37046283450015,3.30885594117364,3.9154444138979,3.01584899439174,2.9693494497196,3.38467704929979,3.42761421752736,3.46261514807697,3.11615346092633,3.41778231889316,2.75473360648452,3.5105315776321,3.63141863686525,3.21622513317416,3.66823261102206,3.33532174688358,3.26902566357774,3.29688905001116,3.22919105011862,3.16439530758134,3.18076848125298,3.4890162147102,3.0704648956525,3.61904906277291,3.40514146313634,3.20521732689341,2.87204072453461,3.17595407226308,3.40003918458739,3.19821124452142,3.05630432598884,3.73600949195778,3.65954785624885,3.31142754928488,3.12290293536956,"Tumor"
3.28795537817795,3.15064090711739,3.5669977620791,3.0479780401386,3.22685683079459,3.57354418826519,3.17299947259176,2.3397075074486,3.1072007519867,3.21365678633563,3.49339115088994,3.06195069266131,3.16509672661088,3.51036700130848,3.21337527985609,2.82375343571224,3.15249496859405,3.14849000489965,2.92183046634259,3.30191536159961,3.31187362312109,3.21922583982443,3.56917510325364,3.32717859515027,3.46533457549553,3.41397311914775,3.43931994028982,2.7836850368046,3.18528459380003,3.09875809186076,3.42546199034558,3.28112402480239,3.4379720691432,3.59496648839849,3.576534230871,3.38981045246944,2.88320045771584,3.62344550716235,3.76734758376632,3.5669977620791,3.77786153075062,3.29200277807168,3.40740849982415,3.44409056267145,3.37387228838616,3.35644809661889,3.4563882590021,3.22097994997446,3.02345408626799,3.01266878269669,3.24919349221007,3.43274966691829,2.47336871617253,2.91238544237216,3.48730625848517,2.99161345005097,3.66106547980695,3.25349164722504,3.4103180365067,3.45557841644293,2.77594391375777,3.08935068739535,3.2493042504448,3.16349068150684,2.78360123093252,3.25545239072452,3.29750839306293,3.91600840914375,3.11014772510944,2.65927154547582,3.47705556557857,3.44884414060649,3.300488380069,3.1384262255626,3.29954360060106,2.658083491455,3.73414597855249,3.41283571005016,3.13511125805303,3.6641869892822,3.38505271157239,3.07229963352239,3.19055007179236,2.62438402353518,3.17334973853706,3.1925666292667,3.51423590344406,2.99268686907044,3.53524426695836,3.4117814520898,3.32932886068439,3.1592174358928,3.0699495823905,3.39136492969447,2.62066147555802,2.97231768835268,3.70050630252951,3.70972073297194,3.34967099689593,2.97938517946087,"Tumor"
3.30570208763337,3.24048225231669,3.60491344090282,2.84481345651815,3.21065225382114,3.65116652800466,3.13563336628781,2.3645976442219,3.18547966092454,3.01816767955021,3.54525178438741,3.11251165276211,3.22456667539837,3.63109263829112,3.3811726047168,3.01629305887196,3.18581422685022,3.15138801358566,3.03264043012406,3.37352432771526,3.3871612333324,3.09477317948027,3.59792442038764,3.30675365241532,3.36508778856298,3.40452986914374,3.24237080254161,2.92985915492943,3.25106158884018,3.21206967832409,3.32497905198908,3.32167560116136,3.3280695415202,3.60754337297628,3.60500829654557,3.38315821113367,2.91890902125023,3.51805667909742,3.81685566236649,3.52120153337943,3.81368885577965,3.14862015814549,3.50710959378177,3.41646280885959,3.43906589703035,3.40837763872153,3.52912128839622,3.29948938518095,3.31805503532339,3.11387049249269,3.27447786291772,3.4560491270219,2.80895542543786,3.10306115633355,3.53096964878385,3.01219141395381,3.65859995821796,3.02548776080922,3.42134854059285,3.32506974691863,2.81011812666681,3.03344414622584,3.26030272318291,3.02479837024915,3.05503422721458,3.34310219442594,3.35301410909773,3.88063655311153,3.11892778741304,2.97773968065395,3.53734577149011,3.47588903911794,3.32070994614174,3.18415490623331,3.31247059407712,2.87154995528257,3.6518209234237,3.34017483986171,3.23746888155717,3.67325111922632,3.37757911900117,3.20101901663257,3.28387585417825,3.08837230105304,3.25460613598364,3.29598010105588,3.56891983107227,3.1461256806289,3.54997714277182,3.44846754908019,3.21724002390059,3.13657202902699,3.09878335241418,3.40842111917522,2.87383484846328,3.07477257737743,3.77440756113364,3.73787060138803,3.45447861676921,2.97552197092384,"Tumor"
3.20364282594668,2.70336209793461,3.52879633174487,2.88670621136873,3.14695982407674,3.53982881062305,3.14770069937622,2.47484095345444,3.22359553939678,2.99668701721862,3.34452885106499,2.90078760848916,3.10300574707583,3.3912906830375,3.2840269341297,2.54574354808073,3.01738213222131,3.1451671236483,2.95109537432096,3.37060232451837,3.26332892600673,3.35211583468579,3.59219388961534,3.24598540233865,3.36125181581532,3.52003244819141,3.60057900524824,2.84769631377526,3.12761347141999,3.24448828450054,3.2707800840093,3.22921566554987,3.31070656514869,3.589859343936,3.55839009872547,3.28944497345357,2.88060129213446,3.66518808667131,3.6657679503149,3.4062618190555,3.76267835461692,3.14701194203222,3.53436047236816,3.35067403711449,3.34371054328801,3.41782146707959,3.50415000985674,3.02924260627466,3.14145568028826,3.0886199277258,3.36600321222216,3.49446681428176,2.40855698714748,2.96332429786415,3.26964960223947,2.81915926787478,3.54931184077189,3.6935873154028,3.40783402245407,3.30135205546,2.92891034421888,3.02426825478312,3.14159464360098,3.05696495980073,2.98187456747836,3.26990987097774,3.29036099702759,3.86684864744928,3.34778327791901,2.85451037597927,3.40946425712834,3.33495149426441,3.20862806401844,3.25954367314869,3.28347437860917,2.7771272014723,3.74122966377296,3.3458079474955,3.14429278177461,3.65859995821796,3.33398610342023,3.25014452222739,3.22685683079459,2.86757231526951,3.17528346643869,3.07151041583651,3.53556777466199,3.12576184508256,3.41237778516732,3.34429732841485,2.90374015949977,3.08884038146314,2.94423814096813,3.33401614754033,2.67814403806137,3.02777332885717,3.75723664714994,3.70264646274129,3.21907866390566,2.88929635857597,"Tumor"
3.25914742293459,3.2840609989917,3.47976086631831,2.7163083327252,3.19271022316949,3.51702367206458,3.06200251881627,2.49670009472484,3.09390830095499,3.16168939893026,3.45138917063169,3.11676230813269,3.17984381902487,3.55333592569768,3.31175739566901,3.08222229220185,3.08351294106987,2.97943274105698,2.90360327930882,3.36025751035041,3.38902019111169,3.23809591220888,3.55868397152597,3.2962341945358,3.42826301261135,3.42491402843934,3.45910894348222,2.80243933316601,3.27037345184196,3.18538926724362,3.37004149275845,3.27246966843165,3.36856163644449,3.47372198238369,3.49049311619985,3.32568862358611,2.80175465373219,3.57436797626605,3.72382064728623,3.54517763461529,3.75642555672374,3.21576555945761,3.49533700237943,3.43318113780724,3.40910712162181,3.31259257234353,3.47710738931337,3.16204080947798,3.27966592005512,3.03668970277858,3.29744529681212,3.48531089166056,2.81160666214939,3.18602665972178,3.40569154001002,3.01473377222413,3.57305938726566,3.13048284016171,3.39019166073037,3.3644351596352,2.67166022787027,3.0339920380014,3.18614395999172,2.94151013389545,3.07542481007129,3.35935249006329,3.23655843744938,3.89295439275378,3.17627649075188,3.0002542525956,3.38730601211321,3.41987727841973,3.33013958482015,3.20867800116338,3.27824202976142,2.64097022338599,3.68368522706407,3.31976820710701,3.20841737265816,3.67029650410749,3.36463966311958,3.23636556378052,3.22592270135732,2.66076436420265,3.28692844848949,3.20287059873921,3.52752079451363,3.11505822013724,3.55680950601585,3.33113765628785,3.1202673272043,2.93486557456792,3.22130329082482,3.39635817484115,2.9945815343715,3.03256638111701,3.7235585614721,3.7138827373044,3.34291452104478,2.97750890454014,"Tumor"
3.17343289421496,3.08884038146314,3.40302907156929,2.9597441938846,3.07010591352926,3.48246110364827,2.90795202859917,2.56438548568112,3.24690055660123,3.00993831959016,3.32846885178243,2.88200518826035,3.00457509813615,3.38367664775332,3.18124729018399,2.7051175557441,3.05898659562264,2.97487617836838,3.03889616929673,3.30549489296117,3.39493799825592,3.11291527007221,3.43046459498256,3.22473952773398,3.20828001653726,3.24456287286738,3.26188129190206,2.8949302648876,3.15476951219014,3.26955984351058,3.26371201278695,3.22919105011862,3.32224401050982,3.33318612747653,3.45335558793053,3.45795931869491,2.96733094771263,3.29472219343484,3.67905215380458,3.43020229555212,3.62886689501678,3.02556926079558,3.43453882780998,3.32800058467317,3.26874427921508,3.33811344946932,3.41469977894546,3.06047286406387,3.29297164250583,2.9636054402393,3.13715264388128,3.37800936698598,2.83529755803628,3.01481588197179,3.33882229556911,2.82365154715925,3.58550340994735,3.47719807637006,3.35959566464339,3.3118155105655,2.78500224436648,2.99410719589205,3.14060362433864,3.06092415123309,2.97203088414133,3.15525864591235,3.31016559049428,3.81113189568444,3.38809859076262,2.72404119928517,3.38072529326991,3.33583051052505,3.42299855637049,3.2637961280277,3.21080964108645,2.63435163744831,3.35879851747716,3.22872943300162,3.06811529192822,3.69118796590552,3.34551418215974,3.14225331107831,3.12967043159117,2.56489515343665,3.05797006863733,3.12810364707478,3.41586275526948,2.81493796111932,3.5026870301607,3.31853377164753,3.08060309228795,3.06959734576946,2.91562606355555,3.37615144222452,2.96879487348853,2.99554421536825,3.62030488151335,3.66968444822207,3.26209033400404,2.97171459801185,"Tumor"
3.30184660614173,3.30917473197431,3.55928377602053,2.75014339614726,3.14057744958722,3.53982881062305,3.12485581339494,2.43408907599563,3.08521387956377,3.18921889510644,3.40922934524386,3.10001048252718,3.24139937746896,3.49538817357282,3.29798959461045,3.07373627353628,3.2167714627742,3.16868695863738,2.95878144058507,3.43726236744032,3.38248465658301,3.26412653328846,3.5994725299174,3.31697404017776,3.41252682993025,3.33321618826057,3.3600945361893,2.84680017570362,3.25366863170543,3.12127904182653,3.24216803154719,3.26196100217565,3.27543472529739,3.47902355998051,3.50249609730223,3.36949440200741,2.89773802112937,3.53129411633474,3.78193667615618,3.55603695883335,3.77247689891397,3.16168939893026,3.54923789938528,3.44477041565035,3.34952946823576,3.32278768499932,3.51132887397535,3.26444485223662,3.30103445868772,2.93702606008501,3.18055845510861,3.44142239215913,2.7801315886135,3.06348395935178,3.47123949533824,3.0981449667984,3.64867251357871,3.01877658517918,3.42413604860512,3.27034803352563,2.67988990743783,2.97829815258988,3.27946238092048,2.9924693486623,3.05763395499393,3.30524096595448,3.2731876280484,3.90286467336734,3.14429278177461,2.89754248848258,3.46602668781373,3.35577745442557,3.35359288901712,3.16174582382329,3.23185937807692,2.61958908142877,3.63623018165193,3.38644815822709,3.21486928017849,3.66810777556186,3.34086416374403,3.21555280178223,3.19489865502048,2.92127445652137,3.35545188332419,3.26518482248247,3.49004378447267,3.23528438166706,3.55391338951672,3.35003041728554,3.23238446958389,3.02706202189759,3.14093403973776,3.42022367203741,2.89917369657166,2.97931383412664,3.68533469482827,3.7138827373044,3.39486667840177,2.96374968940068,"Tumor"
3.33805067769766,3.14929839188901,3.60312186984,2.91519580361313,3.18341346475984,3.59975815318896,3.11358549231906,2.43350165182967,3.1155876348533,3.0156955909619,3.4301193133537,3.15031758243393,3.13657202902699,3.5087582288652,3.28675106286253,3.08584611727002,3.13473679996293,3.17454224407913,2.90393870908813,3.34844773078969,3.30783504560586,3.21885554756588,3.56086166176483,3.30034340759472,3.38501404497227,3.38674612028642,3.44116739063227,2.94021186336833,3.1151597895926,3.12009808599346,3.33591766831538,3.38766582786638,3.37708903516419,3.55750812098692,3.52267097361323,3.38139690065998,2.85648777949568,3.64646222726002,3.77094530248705,3.47679641897715,3.82707716674325,3.15375832614889,3.38973337285356,3.38734323859432,3.34916284444551,3.37246461858944,3.45290507751697,3.2843290465773,3.0714314703172,3.03212024358114,3.27128373038931,3.41545176377795,2.51986895218573,2.97355250125887,3.49278894151482,3.04615750099657,3.69725117043436,3.00714166849534,3.3785879176087,3.35757593204473,2.72185821581548,3.13979525979227,3.24805659090965,3.02249210140117,2.99130868560004,3.37937282156615,3.3828608900906,3.92451799752336,2.99143023628365,2.87505853515103,3.44746811401088,3.4651125068558,3.25130553649124,3.18252068922164,3.26603689399532,2.75191569766184,3.70664105730941,3.34711284798029,3.16868695863738,3.66799427940553,3.33525456524106,3.15760967900907,3.22219558308553,2.78655663495866,3.3235473323865,3.32376924113274,3.53801661332917,3.04973356479578,3.6092467150008,3.44235701232715,3.31481106674565,3.11436036121818,3.22646074745088,3.35070232150902,2.88679008881729,3.0458570570715,3.72078189765828,3.75084229010552,3.38648540685007,2.9445661299273,"Tumor"
3.32733670643506,2.86258826480205,3.44267416763635,3.01237022224675,3.1370345716528,3.54317414883085,3.06414821418229,2.68222044560083,3.11750388953467,3.1666254745416,3.39154778016734,3.08996756051557,3.16521574095052,3.43783228685029,3.14358933500169,2.81192308634957,3.04485046342622,2.9244951945449,2.97263751810838,3.27812603525628,3.36247970773992,3.15341624225525,3.44021472066767,3.08251355528733,3.4011239054258,3.31288876234705,3.42299855637049,2.88194256092494,3.23812955005336,3.18426442309951,3.2797535667494,3.24957731661445,3.32020015454468,3.41436964742322,3.46143688203859,3.43396093112118,2.978118732719,3.62634567974056,3.62934496189076,3.42612651776393,3.73173718225369,3.05474951618004,3.34749558399307,3.31818088171188,3.26654069950399,3.39996264954897,3.3479518994136,3.07774375283149,3.17270991918585,3.05959409172142,3.16257098723515,3.28630898210968,2.6133784173658,2.91666580661748,3.21576555945761,3.04546219258739,3.50790878298316,3.49333990881351,3.28272297839861,3.29142674633344,2.85827348433279,3.04050146516848,3.15659077513923,3.13669506015897,2.76628560100229,3.14491759875366,3.23025067194226,3.85203880041049,3.14624138167159,2.90280101599318,3.34148911287266,3.23545595472575,3.29671435307107,3.29724718599815,3.27566564839692,2.83564116513671,3.71095517167807,3.31673950058117,3.12471853633749,3.67340943346517,3.38135813595255,3.22172089663268,3.13136229629524,2.89417944172126,3.04809142054617,3.11134352857102,3.43553925619572,3.09919419531472,3.52590599835302,3.25259428927511,3.25059327558675,3.14737834325618,3.0829103279082,3.40169462740907,2.8538479778861,3.0013356777913,3.68452702788435,3.61904906277291,3.15236191920937,2.90751178252015,"Tumor"
3.32628709823018,3.30382019347695,3.54489335851175,2.89441229690556,3.18793239994601,3.64324435735975,3.15201788099343,2.60499881126194,3.10471909106367,3.08579344137567,3.44702766691249,3.10290499751841,3.22337157586917,3.56117947639067,3.29055563242116,3.06207852714267,3.10157108200858,3.14921220720388,3.02110479118987,3.34708307536753,3.32041246925165,3.22615706128479,3.52778349732645,3.28015904909623,3.39303859002241,3.37166061432606,3.37041958985585,2.93327613774073,3.21406417357599,3.17630362169423,3.35079707019053,3.38598867945193,3.36766740279776,3.50585282988601,3.53297767955245,3.38624120391823,3.0180839794474,3.49739521058021,3.73414597855249,3.54598072089352,3.80725186873131,3.11017445780433,3.39999818417888,3.43544991280683,3.3241582195586,3.33843011994298,3.41080645882314,3.19638199884831,3.11923663924179,3.03383526707247,3.19709006464241,3.44103721622675,2.63383571276828,3.02804218939723,3.33498294798696,3.14065270071762,3.61820341017208,3.38121137440965,3.3419686738135,3.33588337735403,2.95692646911663,3.16206498595567,3.24222901830169,3.02551433739761,2.98787564195643,3.32177371825869,3.36728159341427,3.90582260607338,3.07308156255563,2.93784152775423,3.44021472066767,3.52344904507028,3.24409549029655,3.22053891381317,3.25803191410018,2.69501164473686,3.61656942730662,3.27115223138139,3.1626257665354,3.67208584437236,3.33087243166971,3.19430457496043,3.18627710009295,2.74195661063303,3.15576703962084,3.24992464277611,3.5498909172258,3.08640334441624,3.54141571581909,3.33013958482015,3.02189186711926,3.08811784581442,3.25160549009865,3.39456764524931,2.90505046730532,3.05163138066601,3.71369581484336,3.71132970310304,3.38300195236422,2.92868867576278,"Tumor"
3.24845589864444,2.6429926226572,3.43752604973224,2.94773534465933,3.16684557083312,3.53096964878385,3.06294370331595,2.48741946108067,3.11869361373379,2.92728588065081,3.34825083529959,2.95228883094616,3.01219141395381,3.37715985076735,3.26231438147466,2.54144545362668,2.93609703307397,3.1323810703113,2.81900390043332,3.39019166073037,3.17624776331562,3.19638199884831,3.53580413827031,3.1714982838744,3.44599678617006,3.46139758992616,3.47356614030654,2.79848398416832,3.02066931641334,3.25014452222739,3.23957981824421,3.34532966126817,3.32578502930536,3.60573136581573,3.54121744810204,3.25840434876872,2.72056084679214,3.51132887397535,3.58254396043424,3.37203410704116,3.7407117333991,3.00611127841782,3.38047041606028,3.25149793814858,3.25114796011673,3.41826282312312,3.51951674399906,2.91742793620559,2.94297421782474,3.01939235110089,3.10456311161174,3.41947821614739,2.29054531150656,2.71461699815855,3.28073811196969,2.84925070476828,3.58517888874859,3.32116903764629,3.44103721622675,3.30514901584418,2.83450088328186,3.04698514490424,3.22637750988677,3.10741503691506,2.97743563456134,3.2106771876018,3.43123783308449,3.83894168519037,3.33356828223665,2.79667665576453,3.24440455827057,3.2886464818065,3.2152002072122,3.21587115015692,3.26093796994139,2.7894893038312,3.58663265536559,3.11019951925593,3.0496778113611,3.62969466658226,3.31351868983758,3.29848236641607,3.2118049904914,2.5995177573701,3.11451361930945,2.99940296140595,3.59859150202125,2.81527415284614,3.51082270514457,3.38065049701788,2.83277864393321,3.07208349943346,2.82013810675589,3.41509340262856,2.65504493702852,3.07850907477702,3.72293591677883,3.72382064728623,3.20238324067329,2.87742819641863,"Tumor"
3.27291899476564,3.1256312661213,3.55090066464752,2.90360327930882,3.15805582936007,3.54364435211954,3.12098223517691,2.44710571388832,3.12827360176544,3.01503541334567,3.36074351360898,2.99000908616126,3.17862222925678,3.39853507383923,3.20156172461418,2.92722329179051,3.07983205552497,3.15050768662814,2.93225775161375,3.25157973895333,3.2875180989252,3.1831275825494,3.49694802372955,3.1901928931654,3.2785542763132,3.31659325597844,3.27444804392521,2.93622898005006,3.02746549277133,3.20057968147944,3.31734604021946,3.35584227799498,3.34361532804009,3.40751999073004,3.41052292266706,3.41352232495914,2.88395701497818,3.5137054915636,3.72530490157444,3.44585910320699,3.77536665623612,3.04348974706657,3.34206542049435,3.37521602031755,3.21002097394997,3.33937401311838,3.38659300858122,3.09137995191662,3.17786996725816,3.12278865980575,3.06722395126646,3.36018445524451,2.59708298124609,3.0040392962748,3.34768266242912,3.09309024347073,3.54357011968253,3.18860348274474,3.36194517696378,3.33243440423545,2.69970708697514,3.00587960860197,3.20624936698757,2.97898816189636,2.91627981301221,3.17411554904874,3.26271727863403,3.84766625105236,3.20444281204033,2.88638235964547,3.41500954679164,3.29206463992632,3.33914593842214,3.23257480644036,3.22396307314549,2.61173423693942,3.55875743037376,3.21502620809438,3.09845829952298,3.71746257308341,3.32545837490823,3.17710455256442,3.10412695052722,2.88077954712869,3.07926887009129,3.1710114225392,3.39434127160012,3.14728390206455,3.55797367642761,3.32889963818653,2.94227427074974,3.01862705321802,3.14554703618986,3.40966383428153,2.92580957777157,2.91371472870466,3.65262416103751,3.69189144452501,3.24206282333601,2.9153793968835,"Tumor"
3.29683033071085,2.96812209460025,3.52480339402816,2.82656272350654,3.14905771233477,3.50328512287265,3.03233186751747,2.50792653771578,3.32679761952009,3.01525134251342,3.43380340411763,3.01656584998859,3.17134135309914,3.46800977409283,3.22817683698289,2.94394944898974,3.11089772332981,3.07908109274705,2.96462781859126,3.26770957018313,3.34241962871171,3.20996172857493,3.4750589349629,3.20546289427034,3.43527921154593,3.37056326867273,3.36970237676101,3.12581308169948,3.14866408221592,3.25247621413522,3.19331284609614,3.32360785633883,3.24161140828483,3.37076969473949,3.39217589432348,3.45624104870941,2.92745277100463,3.60282503733049,3.72998774295772,3.49848065905585,3.77569323539687,3.11050356352031,3.35879851747716,3.39697735080449,3.29274641748809,3.43748743261084,3.38326467865355,3.1738374101949,3.03747008138869,2.95335837319653,3.00369757372603,3.36218370597923,2.72334012025117,3.01883354565933,3.28322247342962,2.95756363012514,3.47208480035814,3.37046283450015,3.35292091794616,3.19497900250659,3.11104967991702,3.03254169727004,3.22651777782417,3.13547741034838,2.80170913481947,3.22433051328699,3.15786186789933,3.8543946777531,2.9934569901906,2.7425042751886,3.4185880174729,3.31148713064417,3.26347766589583,3.25196595787916,3.22719580410167,2.75970339992688,3.64213547153405,3.33990557229005,3.19476945948426,3.73979410861108,3.32714984578215,3.18066188089469,3.10820493762685,2.69665712220975,3.08705713231003,3.14023877091879,3.44802079728224,3.03497455084561,3.62410089462811,3.3310072005419,2.86338940842745,3.11313371003076,3.21282766240698,3.48116975461747,2.99060094839598,2.92803104843298,3.6714858699659,3.68651173253808,3.25898617971868,2.85662521990466,"Tumor"
3.2189113298858,3.16430680159545,3.55721400854701,2.95505608654213,3.12193047582184,3.51506901403224,3.1065644060391,2.59105941310057,3.26138488354708,3.08478713247223,3.29756121570889,3.02769195329033,3.16729208641345,3.31728380564882,3.15983098110793,2.89455975241897,2.99836702741063,3.04329025404364,2.91938013026139,3.35103320773339,3.35945510630109,3.34300551724818,3.5018849422925,3.31244300232471,3.37327235180331,3.39375665170475,3.39303859002241,2.94671401924387,3.09062481629339,3.20860309479777,3.37973184903481,3.27863901728891,3.4252847313264,3.45465890454745,3.38124737390585,3.4142911624227,3.02821727557142,3.52312280812736,3.73646417051209,3.4937754084607,3.77247689891397,3.08110950060353,3.47035464582209,3.39397762744847,3.22932950645655,3.42973244624504,3.41469977894546,3.06117480534268,3.12241264587608,3.08081113337791,3.22026029517548,3.49080114852119,2.62088899280049,2.88922041593323,3.19320716865339,2.95176867982797,3.50901169789865,3.01766362465525,3.44216588927111,3.43140767590202,2.7399798397945,3.11319039896551,3.13700997205553,3.06063195457882,2.88010950757985,3.23493198014766,3.22530886797648,3.87294692766793,3.27659343760383,2.78453539104285,3.42737285564784,3.3276270111291,3.35423351111036,3.21059303436496,3.21726484408679,2.89564580231708,3.60292003037842,3.34890799310289,3.13313604592598,3.71763804207021,3.29102294504594,3.14039748531472,3.16692749591339,2.63797881317318,3.07677626971666,3.22798745873459,3.48397051614313,3.07641885480052,3.51887500092064,3.40340407648532,2.8492286825729,3.07500371718178,3.12947921012969,3.44689008230062,2.86773835176269,2.91519580361313,3.66639303236902,3.67254980441005,3.18991625603419,2.93191371856048,"Tumor"
3.34383701352706,3.26400789647025,3.58254396043424,2.78826808286684,3.24573903242928,3.53449743373817,3.24451264030965,2.46294489019609,3.15138801358566,3.22376541957311,3.44874768968536,3.15069939027575,3.25165244688626,3.48938879332266,3.28972087428645,3.10607020703317,3.09552108395681,3.20901659183126,2.9599110799776,3.38330200955977,3.36676562181087,3.29668352200323,3.5753970502241,3.3344710249035,3.53594096266182,3.34374464871389,3.32310917853809,2.8462907126544,3.18868259929501,3.21982987841473,3.35711138753722,3.31627899712682,3.38511347127886,3.50420086941841,3.48959431275617,3.43363918393003,2.88253936721299,3.49069847838818,3.75808993420181,3.5471783419959,3.79960542245267,3.20594764981649,3.43111077223381,3.46598752050871,3.37811760272962,3.40105289072579,3.44160697451671,3.27029121449327,3.19245774084564,3.2299954495968,3.1833324705516,3.40899711150803,2.87321670862947,3.01802877033877,3.45395078360609,3.10596967126041,3.71490488469812,3.1485469483895,3.446258877034,3.40026876534456,2.78592294706271,3.13441974849901,3.22682909308983,2.99038311323472,3.04536957597795,3.33965478056993,3.34868142077591,3.93936764270633,2.97379125679905,2.95824691867265,3.50585282988601,3.41626011596654,3.35006720329753,3.14903331689562,3.27796541208202,2.82007682109751,3.6294615395401,3.40569154001002,3.22704943903487,3.6695484005332,3.36977355586383,3.17747933758059,3.16560648926827,2.95118864868063,3.14964958189498,3.29813040373053,3.52660721715162,3.10266988785284,3.57461017736135,3.45155797645851,2.97829815258988,3.01447134669732,3.17190334258569,3.38197271079438,2.99005629880917,2.93839871858294,3.7125187466186,3.72316534345759,3.3093450160024,3.00539280119896,"Tumor"
2.74218518883529,2.50236624852336,2.88272325119581,2.9395801545637,3.08305164115628,3.50398470389761,2.87052057155221,2.35640302120265,3.11790777464063,2.66993836958717,2.80565566356385,2.2339033948615,2.92310543295874,2.70590935822091,2.93995808503559,2.35889695454288,2.84101704188701,2.80962229259972,2.96650060686478,3.01535305001532,2.8199705864554,2.87031144985999,3.26748186453573,2.97703808006181,3.07443521801586,3.18352303792216,2.80517480614379,2.81786470966681,2.66540186745105,3.30057477087874,3.20931454829261,3.17481066167438,3.23290630100683,3.16134112789008,3.38394477919535,3.31588354195977,2.70733262490456,3.12699762759457,3.24949236823342,2.30944688572655,2.82077123949492,3.02055909378896,2.96261750072894,2.29662773077703,3.14496815957165,3.34401746309959,3.14817921653507,2.36945252426978,2.69293821086331,2.4325559305815,2.80538945758555,3.03204440411526,2.38217474353489,2.49240698488558,3.02221510122508,2.80447283808896,3.2965411032817,3.85053941861188,3.09969243789465,3.26479312080721,2.8346869482324,2.97573839352127,3.10752718899335,3.05983113619282,2.309470169225,3.11821850637636,3.39507651328359,3.69104276094629,3.46598752050871,2.69266375925452,2.42980340196078,3.21075510288902,3.00317404169584,3.27168114317061,3.25572127490423,2.54671916564854,3.16858267077373,2.97715167824085,2.63669421621368,3.74270690150243,3.26785486355626,2.81230516852543,3.00627109094752,2.48536241970395,2.86679524773852,2.74638156693292,3.10252208502116,2.54528638631021,3.46872666711556,3.24295151512541,2.62679188215477,3.00960515724624,2.31666131224172,3.01659437418535,2.63996606054479,2.56800534289499,3.56590176680667,3.55913690817943,2.85004728180274,2.61470513326657,"Tumor"
